,Value
2021-06-28 16:04:00+00:00,2505.9
2021-06-28 16:14:00+00:00,2504.9
2021-06-28 16:24:00+00:00,2504.9
2021-06-28 16:34:00+00:00,2504.9
2021-06-28 16:44:00+00:00,2502.9
2021-06-28 16:54:00+00:00,2504.9
2021-06-28 17:04:00+00:00,2502.9
2021-06-28 17:14:00+00:00,2502.9
2021-06-28 17:24:00+00:00,2502.9
2021-06-28 17:34:00+00:00,2502.9
2021-06-28 17:44:00+00:00,2499.9
2021-06-28 17:54:00+00:00,2499.9
2021-06-28 18:04:00+00:00,2500.9
2021-06-28 18:14:00+00:00,2496.9
2021-06-28 18:24:00+00:00,2495.9
2021-06-28 18:34:00+00:00,2496.9
2021-06-28 18:44:00+00:00,2492.9
2021-06-28 18:54:00+00:00,2493.9
2021-06-28 19:04:00+00:00,2489.9
2021-06-28 19:14:00+00:00,2489.9
2021-06-28 19:24:00+00:00,2489.9
2021-06-28 19:34:00+00:00,2488.9
2021-06-28 19:44:00+00:00,2486.9
2021-06-28 19:54:00+00:00,2484.9
2021-06-28 20:04:00+00:00,2484.9
2021-06-28 20:14:00+00:00,2482.9
2021-06-28 20:24:00+00:00,2481.9
2021-06-28 20:34:00+00:00,2480.9
2021-06-28 20:44:00+00:00,2479.9
2021-06-28 20:54:00+00:00,2477.9
2021-06-28 21:04:00+00:00,2475.9
2021-06-28 21:14:00+00:00,2474.9
2021-06-28 21:24:00+00:00,2473.9
2021-06-28 21:34:00+00:00,2473.9
2021-06-28 21:44:00+00:00,2471.9
2021-06-28 21:54:00+00:00,2471.9
2021-06-28 22:04:00+00:00,2470.9
2021-06-28 22:14:00+00:00,2471.9
2021-06-28 22:24:00+00:00,2471.9
2021-06-28 22:34:00+00:00,2470.9
2021-06-28 22:44:00+00:00,2468.9
2021-06-28 22:54:00+00:00,2467.9
2021-06-28 23:04:00+00:00,2467.9
2021-06-28 23:14:00+00:00,2466.9
2021-06-28 23:24:00+00:00,2466.9
2021-06-28 23:34:00+00:00,2464.9
2021-06-28 23:44:00+00:00,2464.9
2021-06-28 23:54:00+00:00,2465.9
2021-06-29 00:04:00+00:00,2464.9
2021-06-29 00:14:00+00:00,2464.9
2021-06-29 00:24:00+00:00,2463.9
2021-06-29 00:34:00+00:00,2464.9
2021-06-29 00:44:00+00:00,2463.9
2021-06-29 00:54:00+00:00,2463.9
2021-06-29 01:04:00+00:00,2463.9
2021-06-29 01:14:00+00:00,2463.9
2021-06-29 01:24:00+00:00,2464.9
2021-06-29 01:34:00+00:00,2463.9
2021-06-29 01:44:00+00:00,2463.9
2021-06-29 01:54:00+00:00,2464.9
2021-06-29 02:04:00+00:00,2463.9
2021-06-29 02:14:00+00:00,2461.9
2021-06-29 02:24:00+00:00,2460.9
2021-06-29 02:34:00+00:00,2458.9
2021-06-29 02:44:00+00:00,2460.9
2021-06-29 02:54:00+00:00,2462.9
2021-06-29 03:04:00+00:00,2459.9
2021-06-29 03:14:00+00:00,2459.9
2021-06-29 03:24:00+00:00,2459.9
2021-06-29 03:34:00+00:00,2458.9
2021-06-29 03:44:00+00:00,2457.9
2021-06-29 03:54:00+00:00,2457.9
2021-06-29 04:04:00+00:00,2458.9
2021-06-29 04:14:00+00:00,2457.9
2021-06-29 04:24:00+00:00,2456.9
2021-06-29 04:34:00+00:00,2456.9
2021-06-29 04:44:00+00:00,2456.9
2021-06-29 04:54:00+00:00,2455.9
2021-06-29 05:04:00+00:00,2456.9
2021-06-29 05:14:00+00:00,2455.9
2021-06-29 05:24:00+00:00,2455.9
2021-06-29 05:34:00+00:00,2456.9
2021-06-29 05:44:00+00:00,2453.9
2021-06-29 05:54:00+00:00,2453.9
2021-06-29 06:04:00+00:00,2452.9
2021-06-29 06:14:00+00:00,2452.9
2021-06-29 06:24:00+00:00,2452.9
2021-06-29 06:34:00+00:00,2453.9
2021-06-29 06:44:00+00:00,2451.9
2021-06-29 06:54:00+00:00,2452.9
2021-06-29 07:04:00+00:00,2450.9
2021-06-29 07:14:00+00:00,2449.9
2021-06-29 07:24:00+00:00,2449.9
2021-06-29 07:34:00+00:00,2450.9
2021-06-29 07:44:00+00:00,2448.9
2021-06-29 07:54:00+00:00,2450.9
2021-06-29 08:04:00+00:00,2447.9
2021-06-29 08:14:00+00:00,2444.9
2021-06-29 08:24:00+00:00,2453.9
2021-06-29 08:34:00+00:00,2456.9
2021-06-29 08:44:00+00:00,2457.9
2021-06-29 08:54:00+00:00,2456.9
2021-06-29 09:04:00+00:00,2457.9
2021-06-29 09:14:00+00:00,2457.9
2021-06-29 09:24:00+00:00,2456.9
2021-06-29 09:34:00+00:00,2457.9
2021-06-29 09:44:00+00:00,2457.9
2021-06-29 09:54:00+00:00,2456.9
2021-06-29 10:04:00+00:00,2457.9
2021-06-29 10:14:00+00:00,2457.9
2021-06-29 10:24:00+00:00,2456.9
2021-06-29 10:34:00+00:00,2456.9
2021-06-29 10:44:00+00:00,2457.9
2021-06-29 10:54:00+00:00,2456.9
2021-06-29 11:04:00+00:00,2455.9
2021-06-29 11:14:00+00:00,2456.9
2021-06-29 11:24:00+00:00,2454.9
2021-06-29 11:34:00+00:00,2453.9
2021-06-29 11:44:00+00:00,2453.9
2021-06-29 11:54:00+00:00,2453.9
2021-06-29 12:04:00+00:00,2454.9
2021-06-29 12:14:00+00:00,2454.9
2021-06-29 12:24:00+00:00,2453.9
2021-06-29 12:34:00+00:00,2453.9
2021-06-29 12:44:00+00:00,2452.9
2021-06-29 12:54:00+00:00,2451.9
2021-06-29 13:04:00+00:00,2451.9
2021-06-29 13:14:00+00:00,2451.9
2021-06-29 13:24:00+00:00,2449.9
2021-06-29 13:34:00+00:00,2448.9
2021-06-29 13:44:00+00:00,2448.9
2021-06-29 13:54:00+00:00,2448.9
2021-06-29 14:04:00+00:00,2447.9
2021-06-29 14:14:00+00:00,2447.9
2021-06-29 14:24:00+00:00,2446.9
2021-06-29 14:34:00+00:00,2445.9
2021-06-29 14:44:00+00:00,2445.9
2021-06-29 14:54:00+00:00,2444.9
2021-06-29 15:04:00+00:00,2445.9
2021-06-29 15:14:00+00:00,2445.9
2021-06-29 15:24:00+00:00,2444.9
2021-06-29 15:34:00+00:00,2443.9
2021-06-29 15:44:00+00:00,2441.9
2021-06-29 15:54:00+00:00,2441.9
2021-06-29 16:04:00+00:00,2441.9
2021-06-29 16:14:00+00:00,2439.9
2021-06-29 16:24:00+00:00,2438.9
2021-06-29 16:34:00+00:00,2436.9
2021-06-29 16:44:00+00:00,2436.9
2021-06-29 16:54:00+00:00,2434.9
2021-06-29 17:04:00+00:00,2435.9
2021-06-29 17:14:00+00:00,2433.9
2021-06-29 17:24:00+00:00,2435.9
2021-06-29 17:34:00+00:00,2437.9
2021-06-29 17:44:00+00:00,2434.9
2021-06-29 17:54:00+00:00,2436.9
2021-06-29 18:04:00+00:00,2436.9
2021-06-29 18:14:00+00:00,2432.9
2021-06-29 18:24:00+00:00,2440.9
2021-06-29 18:34:00+00:00,2451.9
2021-06-29 18:44:00+00:00,2474.9
2021-06-29 18:54:00+00:00,2484.9
2021-06-29 19:04:00+00:00,2489.9
2021-06-29 19:14:00+00:00,2497.9
2021-06-29 19:24:00+00:00,2504.9
2021-06-29 19:34:00+00:00,2513.9
2021-06-29 19:44:00+00:00,2516.9
2021-06-29 19:54:00+00:00,2525.9
2021-06-29 20:04:00+00:00,2528.9
2021-06-29 20:14:00+00:00,2534.9
2021-06-29 20:24:00+00:00,2539.9
2021-06-29 20:34:00+00:00,2540.9
2021-06-29 20:44:00+00:00,2542.9
2021-06-29 20:54:00+00:00,2545.9
2021-06-29 21:04:00+00:00,2544.9
2021-06-29 21:14:00+00:00,2546.9
2021-06-29 21:24:00+00:00,2547.9
2021-06-29 21:34:00+00:00,2549.9
2021-06-29 21:44:00+00:00,2548.9
2021-06-29 21:54:00+00:00,2548.9
2021-06-29 22:04:00+00:00,2547.9
2021-06-29 22:14:00+00:00,2547.9
2021-06-29 22:24:00+00:00,2546.9
2021-06-29 22:34:00+00:00,2544.9
2021-06-29 22:44:00+00:00,2546.9
2021-06-29 22:54:00+00:00,2545.9
2021-06-29 23:04:00+00:00,2546.9
2021-06-29 23:14:00+00:00,2544.9
2021-06-29 23:24:00+00:00,2545.9
2021-06-29 23:34:00+00:00,2544.9
2021-06-29 23:44:00+00:00,2541.9
2021-06-29 23:54:00+00:00,2541.9
2021-06-30 00:04:00+00:00,2541.9
2021-06-30 00:14:00+00:00,2540.9
2021-06-30 00:24:00+00:00,2540.9
2021-06-30 00:34:00+00:00,2540.9
2021-06-30 00:44:00+00:00,2543.9
2021-06-30 00:54:00+00:00,2538.9
2021-06-30 01:04:00+00:00,2540.9
2021-06-30 01:14:00+00:00,2539.9
2021-06-30 01:24:00+00:00,2538.9
2021-06-30 01:34:00+00:00,2538.9
2021-06-30 01:44:00+00:00,2538.9
2021-06-30 01:54:00+00:00,2537.9
2021-06-30 02:04:00+00:00,2537.9
2021-06-30 02:14:00+00:00,2537.9
2021-06-30 02:24:00+00:00,2538.9
2021-06-30 02:34:00+00:00,2536.9
2021-06-30 02:44:00+00:00,2534.9
2021-06-30 02:54:00+00:00,2536.9
2021-06-30 03:04:00+00:00,2534.9
2021-06-30 03:14:00+00:00,2534.9
2021-06-30 03:24:00+00:00,2535.9
2021-06-30 03:34:00+00:00,2533.9
2021-06-30 03:44:00+00:00,2532.9
2021-06-30 03:54:00+00:00,2531.9
2021-06-30 04:04:00+00:00,2529.9
2021-06-30 04:14:00+00:00,2529.9
2021-06-30 04:24:00+00:00,2531.9
2021-06-30 04:34:00+00:00,2527.9
2021-06-30 04:44:00+00:00,2527.9
2021-06-30 04:54:00+00:00,2526.9
2021-06-30 05:04:00+00:00,2527.9
2021-06-30 05:14:00+00:00,2526.9
2021-06-30 05:24:00+00:00,2525.9
2021-06-30 05:34:00+00:00,2526.9
2021-06-30 05:44:00+00:00,2533.9
2021-06-30 05:54:00+00:00,2525.9
2021-06-30 06:04:00+00:00,2524.9
2021-06-30 06:14:00+00:00,2524.9
2021-06-30 06:24:00+00:00,2524.9
2021-06-30 06:34:00+00:00,2524.9
2021-06-30 06:44:00+00:00,2524.9
2021-06-30 06:54:00+00:00,2523.9
2021-06-30 07:04:00+00:00,2523.9
2021-06-30 07:14:00+00:00,2522.9
2021-06-30 07:24:00+00:00,2522.9
2021-06-30 07:34:00+00:00,2522.9
2021-06-30 07:44:00+00:00,2521.9
2021-06-30 07:54:00+00:00,2520.9
2021-06-30 08:04:00+00:00,2519.9
2021-06-30 08:14:00+00:00,2520.9
2021-06-30 08:24:00+00:00,2518.9
2021-06-30 08:34:00+00:00,2517.9
2021-06-30 08:44:00+00:00,2516.9
2021-06-30 08:54:00+00:00,2515.9
2021-06-30 09:04:00+00:00,2517.9
2021-06-30 09:14:00+00:00,2515.9
2021-06-30 09:24:00+00:00,2514.9
2021-06-30 09:34:00+00:00,2517.9
2021-06-30 09:44:00+00:00,2514.9
2021-06-30 09:54:00+00:00,2514.9
2021-06-30 10:04:00+00:00,2513.9
2021-06-30 10:14:00+00:00,2515.9
2021-06-30 10:24:00+00:00,2513.9
2021-06-30 10:34:00+00:00,2513.9
2021-06-30 10:44:00+00:00,2512.9
2021-06-30 10:54:00+00:00,2511.9
2021-06-30 11:04:00+00:00,2511.9
2021-06-30 11:14:00+00:00,2512.9
2021-06-30 11:24:00+00:00,2512.9
2021-06-30 11:34:00+00:00,2512.9
2021-06-30 11:44:00+00:00,2510.9
2021-06-30 11:54:00+00:00,2508.9
2021-06-30 12:04:00+00:00,2506.9
2021-06-30 12:14:00+00:00,2505.9
2021-06-30 12:24:00+00:00,2505.9
2021-06-30 12:34:00+00:00,2502.9
2021-06-30 12:44:00+00:00,2503.9
2021-06-30 12:54:00+00:00,2500.9
2021-06-30 13:04:00+00:00,2500.9
2021-06-30 13:14:00+00:00,2499.9
2021-06-30 13:24:00+00:00,2499.9
2021-06-30 13:34:00+00:00,2498.9
2021-06-30 13:44:00+00:00,2498.9
2021-06-30 13:54:00+00:00,2498.9
2021-06-30 14:04:00+00:00,2497.9
2021-06-30 14:14:00+00:00,2497.9
2021-06-30 14:24:00+00:00,2496.9
2021-06-30 14:34:00+00:00,2496.9
2021-06-30 14:44:00+00:00,2495.9
2021-06-30 14:54:00+00:00,2494.9
2021-06-30 15:04:00+00:00,2493.9
2021-06-30 15:14:00+00:00,2492.9
2021-06-30 15:24:00+00:00,2491.9
2021-06-30 15:34:00+00:00,2492.9
2021-06-30 15:44:00+00:00,2490.9
2021-06-30 15:54:00+00:00,2489.9
2021-06-30 16:04:00+00:00,2489.9
2021-06-30 16:14:00+00:00,2489.9
2021-06-30 16:24:00+00:00,2486.9
2021-06-30 16:34:00+00:00,2485.9
2021-06-30 16:44:00+00:00,2483.9
2021-06-30 16:54:00+00:00,2483.9
2021-06-30 17:04:00+00:00,2482.9
2021-06-30 17:14:00+00:00,2482.9
2021-06-30 17:24:00+00:00,2483.9
2021-06-30 17:34:00+00:00,2481.9
2021-06-30 17:44:00+00:00,2482.9
2021-06-30 17:54:00+00:00,2480.9
2021-06-30 18:04:00+00:00,2479.9
2021-06-30 18:14:00+00:00,2479.9
2021-06-30 18:24:00+00:00,2479.9
2021-06-30 18:34:00+00:00,2478.9
2021-06-30 18:44:00+00:00,2479.9
2021-06-30 18:54:00+00:00,2477.9
2021-06-30 19:04:00+00:00,2476.9
2021-06-30 19:14:00+00:00,2477.9
2021-06-30 19:24:00+00:00,2477.9
2021-06-30 19:34:00+00:00,2476.9
2021-06-30 19:44:00+00:00,2476.9
2021-06-30 19:54:00+00:00,2475.9
2021-06-30 20:04:00+00:00,2474.9
2021-06-30 20:14:00+00:00,2474.9
2021-06-30 20:24:00+00:00,2473.9
2021-06-30 20:34:00+00:00,2469.9
2021-06-30 20:44:00+00:00,2470.9
2021-06-30 20:54:00+00:00,2470.9
2021-06-30 21:04:00+00:00,2468.9
2021-06-30 21:14:00+00:00,2469.9
2021-06-30 21:24:00+00:00,2467.9
2021-06-30 21:34:00+00:00,2469.9
2021-06-30 21:44:00+00:00,2468.9
2021-06-30 21:54:00+00:00,2467.9
2021-06-30 22:04:00+00:00,2466.9
2021-06-30 22:14:00+00:00,2465.9
2021-06-30 22:24:00+00:00,2464.9
2021-06-30 22:34:00+00:00,2465.9
2021-06-30 22:44:00+00:00,2463.9
2021-06-30 22:54:00+00:00,2462.9
2021-06-30 23:04:00+00:00,2463.9
2021-06-30 23:14:00+00:00,2465.9
2021-06-30 23:24:00+00:00,2465.9
2021-06-30 23:34:00+00:00,2464.9
2021-06-30 23:44:00+00:00,2465.9
2021-06-30 23:54:00+00:00,2466.9
2021-07-01 00:04:00+00:00,2465.9
2021-07-01 00:14:00+00:00,2467.9
2021-07-01 00:24:00+00:00,2467.9
2021-07-01 00:34:00+00:00,2467.9
2021-07-01 00:44:00+00:00,2467.9
2021-07-01 00:54:00+00:00,2466.9
2021-07-01 01:04:00+00:00,2466.9
2021-07-01 01:14:00+00:00,2467.9
2021-07-01 01:24:00+00:00,2467.9
2021-07-01 01:34:00+00:00,2468.9
2021-07-01 01:44:00+00:00,2467.9
2021-07-01 01:54:00+00:00,2468.9
2021-07-01 02:04:00+00:00,2468.9
2021-07-01 02:14:00+00:00,2468.9
2021-07-01 02:24:00+00:00,2467.9
2021-07-01 02:34:00+00:00,2468.9
2021-07-01 02:44:00+00:00,2469.9
2021-07-01 02:54:00+00:00,2469.9
2021-07-01 03:04:00+00:00,2469.9
2021-07-01 03:14:00+00:00,2470.9
2021-07-01 03:24:00+00:00,2468.9
2021-07-01 03:34:00+00:00,2469.9
2021-07-01 03:44:00+00:00,2468.9
2021-07-01 03:54:00+00:00,2470.9
2021-07-01 04:04:00+00:00,2469.9
2021-07-01 04:14:00+00:00,2469.9
2021-07-01 04:24:00+00:00,2469.9
2021-07-01 04:34:00+00:00,2470.9
2021-07-01 04:44:00+00:00,2468.9
2021-07-01 04:54:00+00:00,2470.9
2021-07-01 05:04:00+00:00,2470.9
2021-07-01 05:14:00+00:00,2470.9
2021-07-01 05:24:00+00:00,2470.9
2021-07-01 05:34:00+00:00,2470.9
2021-07-01 05:44:00+00:00,2469.9
2021-07-01 05:54:00+00:00,2470.9
2021-07-01 06:04:00+00:00,2469.9
2021-07-01 06:14:00+00:00,2469.9
2021-07-01 06:24:00+00:00,2468.9
2021-07-01 06:34:00+00:00,2470.9
2021-07-01 06:44:00+00:00,2469.9
2021-07-01 06:54:00+00:00,2468.9
2021-07-01 07:04:00+00:00,2467.9
2021-07-01 07:14:00+00:00,2466.9
2021-07-01 07:24:00+00:00,2467.9
2021-07-01 07:34:00+00:00,2467.9
2021-07-01 07:44:00+00:00,2468.9
2021-07-01 07:54:00+00:00,2466.9
2021-07-01 08:04:00+00:00,2468.9
2021-07-01 08:14:00+00:00,2467.9
2021-07-01 08:24:00+00:00,2465.9
2021-07-01 08:34:00+00:00,2467.9
2021-07-01 08:44:00+00:00,2466.9
2021-07-01 08:54:00+00:00,2466.9
2021-07-01 09:04:00+00:00,2467.9
2021-07-01 09:14:00+00:00,2465.9
2021-07-01 09:24:00+00:00,2466.9
2021-07-01 09:34:00+00:00,2466.9
2021-07-01 09:44:00+00:00,2466.9
2021-07-01 09:54:00+00:00,2467.9
2021-07-01 10:04:00+00:00,2466.9
2021-07-01 10:14:00+00:00,2468.9
2021-07-01 10:24:00+00:00,2467.9
2021-07-01 10:34:00+00:00,2467.9
2021-07-01 10:44:00+00:00,2466.9
2021-07-01 10:54:00+00:00,2466.9
2021-07-01 11:04:00+00:00,2465.9
2021-07-01 11:14:00+00:00,2466.9
2021-07-01 11:24:00+00:00,2465.9
2021-07-01 11:34:00+00:00,2465.9
2021-07-01 11:44:00+00:00,2465.9
2021-07-01 11:54:00+00:00,2465.9
2021-07-01 12:04:00+00:00,2463.9
2021-07-01 12:14:00+00:00,2465.9
2021-07-01 12:24:00+00:00,2465.9
2021-07-01 12:34:00+00:00,2461.9
2021-07-01 12:44:00+00:00,2464.9
2021-07-01 12:54:00+00:00,2461.9
2021-07-01 13:04:00+00:00,2461.9
2021-07-01 13:14:00+00:00,2463.9
2021-07-01 13:24:00+00:00,2463.9
2021-07-01 13:34:00+00:00,2464.9
2021-07-01 13:44:00+00:00,2464.9
2021-07-01 13:54:00+00:00,2463.9
2021-07-01 14:04:00+00:00,2462.9
2021-07-01 14:14:00+00:00,2463.9
2021-07-01 14:24:00+00:00,2462.9
2021-07-01 14:34:00+00:00,2463.9
2021-07-01 14:44:00+00:00,2461.9
2021-07-01 14:54:00+00:00,2462.9
2021-07-01 15:04:00+00:00,2461.9
2021-07-01 15:14:00+00:00,2457.9
2021-07-01 15:24:00+00:00,2460.9
2021-07-01 15:34:00+00:00,2462.9
2021-07-01 15:44:00+00:00,2462.9
2021-07-01 15:54:00+00:00,2460.9
2021-07-01 16:04:00+00:00,2460.9
2021-07-01 16:14:00+00:00,2460.9
2021-07-01 16:24:00+00:00,2457.9
2021-07-01 16:34:00+00:00,2457.9
2021-07-01 16:44:00+00:00,2456.9
2021-07-01 16:54:00+00:00,2456.9
2021-07-01 17:04:00+00:00,2460.9
2021-07-01 17:14:00+00:00,2464.9
2021-07-01 17:24:00+00:00,2461.9
2021-07-01 17:34:00+00:00,2465.9
2021-07-01 17:44:00+00:00,2462.9
2021-07-01 17:54:00+00:00,2463.9
2021-07-01 18:04:00+00:00,2459.9
2021-07-01 18:14:00+00:00,2463.9
2021-07-01 18:24:00+00:00,2461.9
2021-07-01 18:34:00+00:00,2458.9
2021-07-01 18:44:00+00:00,2458.9
2021-07-01 18:54:00+00:00,2460.9
2021-07-01 19:04:00+00:00,2459.9
2021-07-01 19:14:00+00:00,2461.9
2021-07-01 19:24:00+00:00,2461.9
2021-07-01 19:34:00+00:00,2459.9
2021-07-01 19:44:00+00:00,2461.9
2021-07-01 19:54:00+00:00,2458.9
2021-07-01 20:04:00+00:00,2461.9
2021-07-01 20:14:00+00:00,2457.9
2021-07-01 20:24:00+00:00,2458.9
2021-07-01 20:34:00+00:00,2454.9
2021-07-01 20:44:00+00:00,2458.9
2021-07-01 20:54:00+00:00,2455.9
2021-07-01 21:04:00+00:00,2455.9
2021-07-01 21:14:00+00:00,2455.9
2021-07-01 21:24:00+00:00,2455.9
2021-07-01 21:34:00+00:00,2456.9
2021-07-01 21:44:00+00:00,2455.9
2021-07-01 21:54:00+00:00,2452.9
2021-07-01 22:04:00+00:00,2458.9
2021-07-01 22:14:00+00:00,2455.9
2021-07-01 22:24:00+00:00,2455.9
2021-07-01 22:34:00+00:00,2455.9
2021-07-01 22:44:00+00:00,2454.9
2021-07-01 22:54:00+00:00,2454.9
2021-07-01 23:04:00+00:00,2456.9
2021-07-01 23:14:00+00:00,2458.9
2021-07-01 23:24:00+00:00,2457.9
2021-07-01 23:34:00+00:00,2457.9
2021-07-01 23:44:00+00:00,2458.9
2021-07-01 23:54:00+00:00,2459.9
2021-07-02 00:04:00+00:00,2458.9
2021-07-02 00:14:00+00:00,2461.9
2021-07-02 00:24:00+00:00,2461.9
2021-07-02 00:34:00+00:00,2461.9
2021-07-02 00:44:00+00:00,2462.9
2021-07-02 00:54:00+00:00,2462.9
2021-07-02 01:04:00+00:00,2461.9
2021-07-02 01:14:00+00:00,2462.9
2021-07-02 01:24:00+00:00,2462.9
2021-07-02 01:34:00+00:00,2464.9
2021-07-02 01:44:00+00:00,2463.9
2021-07-02 01:54:00+00:00,2467.9
2021-07-02 02:04:00+00:00,2465.9
2021-07-02 02:14:00+00:00,2465.9
2021-07-02 02:24:00+00:00,2466.9
2021-07-02 02:34:00+00:00,2466.9
2021-07-02 02:44:00+00:00,2465.9
2021-07-02 02:54:00+00:00,2467.9
2021-07-02 03:04:00+00:00,2466.9
2021-07-02 03:14:00+00:00,2467.9
2021-07-02 03:24:00+00:00,2467.9
2021-07-02 03:34:00+00:00,2470.9
2021-07-02 03:44:00+00:00,2467.9
2021-07-02 03:54:00+00:00,2468.9
2021-07-02 04:04:00+00:00,2466.9
2021-07-02 04:14:00+00:00,2469.9
2021-07-02 04:24:00+00:00,2469.9
2021-07-02 04:34:00+00:00,2468.9
2021-07-02 04:44:00+00:00,2469.9
2021-07-02 04:54:00+00:00,2470.9
2021-07-02 05:04:00+00:00,2470.9
2021-07-02 05:14:00+00:00,2471.9
2021-07-02 05:24:00+00:00,2470.9
2021-07-02 05:34:00+00:00,2471.9
2021-07-02 05:44:00+00:00,2471.9
2021-07-02 05:54:00+00:00,2471.9
2021-07-02 06:04:00+00:00,2471.9
2021-07-02 06:14:00+00:00,2471.9
2021-07-02 06:24:00+00:00,2474.9
2021-07-02 06:34:00+00:00,2470.9
2021-07-02 06:44:00+00:00,2471.9
2021-07-02 06:54:00+00:00,2471.9
2021-07-02 07:04:00+00:00,2472.9
2021-07-02 07:14:00+00:00,2470.9
2021-07-02 07:24:00+00:00,2471.9
2021-07-02 07:34:00+00:00,2473.9
2021-07-02 07:44:00+00:00,2474.9
2021-07-02 07:54:00+00:00,2472.9
2021-07-02 08:04:00+00:00,2473.9
2021-07-02 08:14:00+00:00,2474.9
2021-07-02 08:24:00+00:00,2471.9
2021-07-02 08:34:00+00:00,2475.9
2021-07-02 08:44:00+00:00,2472.9
2021-07-02 08:54:00+00:00,2470.9
2021-07-02 09:04:00+00:00,2471.9
2021-07-02 09:14:00+00:00,2473.9
2021-07-02 09:24:00+00:00,2472.9
2021-07-02 09:34:00+00:00,2474.9
2021-07-02 09:44:00+00:00,2471.9
2021-07-02 09:54:00+00:00,2473.9
2021-07-02 10:04:00+00:00,2472.9
2021-07-02 10:14:00+00:00,2472.9
2021-07-02 10:24:00+00:00,2474.9
2021-07-02 10:34:00+00:00,2473.9
2021-07-02 10:44:00+00:00,2474.9
2021-07-02 10:54:00+00:00,2472.9
2021-07-02 11:04:00+00:00,2471.9
2021-07-02 11:14:00+00:00,2471.9
2021-07-02 11:24:00+00:00,2472.9
2021-07-02 11:34:00+00:00,2475.9
2021-07-02 11:44:00+00:00,2473.9
2021-07-02 11:54:00+00:00,2474.9
2021-07-02 12:04:00+00:00,2471.9
2021-07-02 12:14:00+00:00,2474.9
2021-07-02 12:24:00+00:00,2474.9
2021-07-02 12:34:00+00:00,2472.9
2021-07-02 12:44:00+00:00,2474.9
2021-07-02 12:54:00+00:00,2474.9
2021-07-02 13:04:00+00:00,2475.9
2021-07-02 13:14:00+00:00,2472.9
2021-07-02 13:24:00+00:00,2473.9
2021-07-02 13:34:00+00:00,2473.9
2021-07-02 13:44:00+00:00,2474.9
2021-07-02 13:54:00+00:00,2475.9
2021-07-02 14:04:00+00:00,2473.9
2021-07-02 14:14:00+00:00,2471.9
2021-07-02 14:24:00+00:00,2472.9
2021-07-02 14:34:00+00:00,2470.9
2021-07-02 14:44:00+00:00,2472.9
2021-07-02 14:54:00+00:00,2470.9
2021-07-02 15:04:00+00:00,2473.9
2021-07-02 15:14:00+00:00,2474.9
2021-07-02 15:24:00+00:00,2473.9
2021-07-02 15:34:00+00:00,2471.9
2021-07-02 15:44:00+00:00,2472.9
2021-07-02 15:54:00+00:00,2472.9
2021-07-02 16:04:00+00:00,2471.9
2021-07-02 16:14:00+00:00,2470.9
2021-07-02 16:24:00+00:00,2472.9
2021-07-02 16:34:00+00:00,2472.9
2021-07-02 16:44:00+00:00,2470.9
2021-07-02 16:54:00+00:00,2470.9
2021-07-02 17:04:00+00:00,2470.9
2021-07-02 17:14:00+00:00,2470.9
2021-07-02 17:24:00+00:00,2470.9
2021-07-02 17:34:00+00:00,2471.9
2021-07-02 17:44:00+00:00,2471.9
2021-07-02 17:54:00+00:00,2472.9
2021-07-02 18:04:00+00:00,2473.9
2021-07-02 18:14:00+00:00,2472.9
2021-07-02 18:24:00+00:00,2472.9
2021-07-02 18:34:00+00:00,2472.9
2021-07-02 18:44:00+00:00,2470.9
2021-07-02 18:54:00+00:00,2472.9
2021-07-02 19:04:00+00:00,2471.9
2021-07-02 19:14:00+00:00,2474.9
2021-07-02 19:24:00+00:00,2471.9
2021-07-02 19:34:00+00:00,2469.9
2021-07-02 19:44:00+00:00,2468.9
2021-07-02 19:54:00+00:00,2468.9
2021-07-02 20:04:00+00:00,2469.9
2021-07-02 20:14:00+00:00,2465.9
2021-07-02 20:24:00+00:00,2467.9
2021-07-02 20:34:00+00:00,2465.9
2021-07-02 20:44:00+00:00,2464.9
2021-07-02 20:54:00+00:00,2464.9
2021-07-02 21:04:00+00:00,2462.9
2021-07-02 21:14:00+00:00,2465.9
2021-07-02 21:24:00+00:00,2459.9
2021-07-02 21:34:00+00:00,2462.9
2021-07-02 21:44:00+00:00,2457.9
2021-07-02 21:54:00+00:00,2459.9
2021-07-02 22:04:00+00:00,2456.9
2021-07-02 22:14:00+00:00,2457.9
2021-07-02 22:24:00+00:00,2459.9
2021-07-02 22:34:00+00:00,2453.9
2021-07-02 22:44:00+00:00,2452.9
2021-07-02 22:54:00+00:00,2453.9
2021-07-02 23:04:00+00:00,2453.9
2021-07-02 23:14:00+00:00,2452.9
2021-07-02 23:24:00+00:00,2454.9
2021-07-02 23:34:00+00:00,2453.9
2021-07-02 23:44:00+00:00,2454.9
2021-07-02 23:54:00+00:00,2453.9
2021-07-03 00:04:00+00:00,2455.9
2021-07-03 00:14:00+00:00,2455.9
2021-07-03 00:24:00+00:00,2454.9
2021-07-03 00:34:00+00:00,2454.9
2021-07-03 00:44:00+00:00,2452.9
2021-07-03 00:54:00+00:00,2454.9
2021-07-03 01:04:00+00:00,2453.9
2021-07-03 01:14:00+00:00,2456.9
2021-07-03 01:24:00+00:00,2451.9
2021-07-03 01:34:00+00:00,2452.9
2021-07-03 01:44:00+00:00,2451.9
2021-07-03 01:54:00+00:00,2450.9
2021-07-03 02:04:00+00:00,2452.9
2021-07-03 02:14:00+00:00,2451.9
2021-07-03 02:24:00+00:00,2451.9
2021-07-03 02:34:00+00:00,2450.9
2021-07-03 02:44:00+00:00,2453.9
2021-07-03 02:54:00+00:00,2450.9
2021-07-03 03:04:00+00:00,2450.9
2021-07-03 03:14:00+00:00,2450.9
2021-07-03 03:24:00+00:00,2450.9
2021-07-03 03:34:00+00:00,2450.9
2021-07-03 03:44:00+00:00,2449.9
2021-07-03 03:54:00+00:00,2448.9
2021-07-03 04:04:00+00:00,2446.9
2021-07-03 04:14:00+00:00,2447.9
2021-07-03 04:24:00+00:00,2445.9
2021-07-03 04:34:00+00:00,2447.9
2021-07-03 04:44:00+00:00,2447.9
2021-07-03 04:54:00+00:00,2448.9
2021-07-03 05:04:00+00:00,2447.9
2021-07-03 05:14:00+00:00,2449.9
2021-07-03 05:24:00+00:00,2446.9
2021-07-03 05:34:00+00:00,2446.9
2021-07-03 05:44:00+00:00,2447.9
2021-07-03 05:54:00+00:00,2445.9
2021-07-03 06:04:00+00:00,2443.9
2021-07-03 06:14:00+00:00,2445.9
2021-07-03 06:24:00+00:00,2446.9
2021-07-03 06:34:00+00:00,2444.9
2021-07-03 06:44:00+00:00,2441.9
2021-07-03 06:54:00+00:00,2442.9
2021-07-03 07:04:00+00:00,2444.9
2021-07-03 07:14:00+00:00,2442.9
2021-07-03 07:24:00+00:00,2443.9
2021-07-03 07:34:00+00:00,2443.9
2021-07-03 07:44:00+00:00,2442.9
2021-07-03 07:54:00+00:00,2440.9
2021-07-03 08:04:00+00:00,2442.9
2021-07-03 08:14:00+00:00,2441.9
2021-07-03 08:24:00+00:00,2438.9
2021-07-03 08:34:00+00:00,2441.9
2021-07-03 08:44:00+00:00,2439.9
2021-07-03 08:54:00+00:00,2439.9
2021-07-03 09:04:00+00:00,2440.9
2021-07-03 09:14:00+00:00,2441.9
2021-07-03 09:24:00+00:00,2439.9
2021-07-03 09:34:00+00:00,2439.9
2021-07-03 09:44:00+00:00,2438.9
2021-07-03 09:54:00+00:00,2438.9
2021-07-03 10:04:00+00:00,2438.9
2021-07-03 10:14:00+00:00,2439.9
2021-07-03 10:24:00+00:00,2439.9
2021-07-03 10:34:00+00:00,2438.9
2021-07-03 10:44:00+00:00,2439.9
2021-07-03 10:54:00+00:00,2438.9
2021-07-03 11:04:00+00:00,2437.9
2021-07-03 11:14:00+00:00,2437.9
2021-07-03 11:24:00+00:00,2435.9
2021-07-03 11:34:00+00:00,2437.9
2021-07-03 11:44:00+00:00,2435.9
2021-07-03 11:54:00+00:00,2435.9
2021-07-03 12:04:00+00:00,2434.9
2021-07-03 12:14:00+00:00,2434.9
2021-07-03 12:24:00+00:00,2436.9
2021-07-03 12:34:00+00:00,2435.9
2021-07-03 12:44:00+00:00,2435.9
2021-07-03 12:54:00+00:00,2435.9
2021-07-03 13:04:00+00:00,2433.9
2021-07-03 13:14:00+00:00,2434.9
2021-07-03 13:24:00+00:00,2434.9
2021-07-03 13:34:00+00:00,2433.9
2021-07-03 13:44:00+00:00,2434.9
2021-07-03 13:54:00+00:00,2432.9
2021-07-03 14:04:00+00:00,2433.9
2021-07-03 14:14:00+00:00,2431.9
2021-07-03 14:24:00+00:00,2431.9
2021-07-03 14:34:00+00:00,2431.9
2021-07-03 14:44:00+00:00,2431.9
2021-07-03 14:54:00+00:00,2432.9
2021-07-03 15:04:00+00:00,2433.9
2021-07-03 15:14:00+00:00,2432.9
2021-07-03 15:24:00+00:00,2432.9
2021-07-03 15:34:00+00:00,2431.9
2021-07-03 15:44:00+00:00,2431.9
2021-07-03 15:54:00+00:00,2430.9
2021-07-03 16:04:00+00:00,2431.9
2021-07-03 16:14:00+00:00,2431.9
2021-07-03 16:24:00+00:00,2431.9
2021-07-03 16:34:00+00:00,2430.9
2021-07-03 16:44:00+00:00,2432.9
2021-07-03 16:54:00+00:00,2430.9
2021-07-03 17:04:00+00:00,2430.9
2021-07-03 17:14:00+00:00,2429.9
2021-07-03 17:24:00+00:00,2428.9
2021-07-03 17:34:00+00:00,2428.9
2021-07-03 17:44:00+00:00,2427.9
2021-07-03 17:54:00+00:00,2429.9
2021-07-03 18:04:00+00:00,2428.9
2021-07-03 18:14:00+00:00,2427.9
2021-07-03 18:24:00+00:00,2426.9
2021-07-03 18:34:00+00:00,2426.9
2021-07-03 18:44:00+00:00,2426.9
2021-07-03 18:54:00+00:00,2425.9
2021-07-03 19:04:00+00:00,2426.9
2021-07-03 19:14:00+00:00,2427.9
2021-07-03 19:24:00+00:00,2425.9
2021-07-03 19:34:00+00:00,2423.9
2021-07-03 19:44:00+00:00,2423.9
2021-07-03 19:54:00+00:00,2422.9
2021-07-03 20:04:00+00:00,2422.9
2021-07-03 20:14:00+00:00,2422.9
2021-07-03 20:24:00+00:00,2420.9
2021-07-03 20:34:00+00:00,2420.9
2021-07-03 20:44:00+00:00,2419.9
2021-07-03 20:54:00+00:00,2420.9
2021-07-03 21:04:00+00:00,2419.9
2021-07-03 21:14:00+00:00,2418.9
2021-07-03 21:24:00+00:00,2418.9
2021-07-03 21:34:00+00:00,2417.9
2021-07-03 21:44:00+00:00,2418.9
2021-07-03 21:54:00+00:00,2420.9
2021-07-03 22:04:00+00:00,2416.9
2021-07-03 22:14:00+00:00,2420.9
2021-07-03 22:24:00+00:00,2418.9
2021-07-03 22:34:00+00:00,2417.9
2021-07-03 22:44:00+00:00,2417.9
2021-07-03 22:54:00+00:00,2416.9
2021-07-03 23:04:00+00:00,2417.9
2021-07-03 23:14:00+00:00,2413.9
2021-07-03 23:24:00+00:00,2415.9
2021-07-03 23:34:00+00:00,2415.9
2021-07-03 23:44:00+00:00,2418.9
2021-07-03 23:54:00+00:00,2420.9
2021-07-04 00:04:00+00:00,2419.9
2021-07-04 00:14:00+00:00,2417.9
2021-07-04 00:24:00+00:00,2418.9
2021-07-04 00:34:00+00:00,2418.9
2021-07-04 00:44:00+00:00,2413.9
2021-07-04 00:54:00+00:00,2414.9
2021-07-04 01:04:00+00:00,2413.9
2021-07-04 01:14:00+00:00,2415.9
2021-07-04 01:24:00+00:00,2415.9
2021-07-04 01:34:00+00:00,2417.9
2021-07-04 01:44:00+00:00,2417.9
2021-07-04 01:54:00+00:00,2419.9
2021-07-04 02:04:00+00:00,2417.9
2021-07-04 02:14:00+00:00,2417.9
2021-07-04 02:24:00+00:00,2417.9
2021-07-04 02:34:00+00:00,2416.9
2021-07-04 02:44:00+00:00,2416.9
2021-07-04 02:54:00+00:00,2416.9
2021-07-04 03:04:00+00:00,2417.9
2021-07-04 03:14:00+00:00,2415.9
2021-07-04 03:24:00+00:00,2415.9
2021-07-04 03:34:00+00:00,2416.9
2021-07-04 03:44:00+00:00,2415.9
2021-07-04 03:54:00+00:00,2415.9
2021-07-04 04:04:00+00:00,2417.9
2021-07-04 04:14:00+00:00,2416.9
2021-07-04 04:24:00+00:00,2416.9
2021-07-04 04:34:00+00:00,2416.9
2021-07-04 04:44:00+00:00,2417.9
2021-07-04 04:54:00+00:00,2415.9
2021-07-04 05:04:00+00:00,2416.9
2021-07-04 05:14:00+00:00,2417.9
2021-07-04 05:24:00+00:00,2415.9
2021-07-04 05:34:00+00:00,2416.9
2021-07-04 05:44:00+00:00,2417.9
2021-07-04 05:54:00+00:00,2417.9
2021-07-04 06:04:00+00:00,2418.9
2021-07-04 06:14:00+00:00,2416.9
2021-07-04 06:24:00+00:00,2415.9
2021-07-04 06:34:00+00:00,2415.9
2021-07-04 06:44:00+00:00,2417.9
2021-07-04 06:54:00+00:00,2415.9
2021-07-04 07:04:00+00:00,2414.9
2021-07-04 07:14:00+00:00,2415.9
2021-07-04 07:24:00+00:00,2416.9
2021-07-04 07:34:00+00:00,2413.9
2021-07-04 07:44:00+00:00,2412.9
2021-07-04 07:54:00+00:00,2412.9
2021-07-04 08:04:00+00:00,2409.9
2021-07-04 08:14:00+00:00,2412.9
2021-07-04 08:24:00+00:00,2412.9
2021-07-04 08:34:00+00:00,2410.9
2021-07-04 08:44:00+00:00,2411.9
2021-07-04 08:54:00+00:00,2410.9
2021-07-04 09:04:00+00:00,2409.9
2021-07-04 09:14:00+00:00,2410.9
2021-07-04 09:24:00+00:00,2408.9
2021-07-04 09:34:00+00:00,2410.9
2021-07-04 09:44:00+00:00,2412.9
2021-07-04 09:54:00+00:00,2413.9
2021-07-04 10:04:00+00:00,2411.9
2021-07-04 10:14:00+00:00,2409.9
2021-07-04 10:24:00+00:00,2410.9
2021-07-04 10:34:00+00:00,2412.9
2021-07-04 10:44:00+00:00,2413.9
2021-07-04 10:54:00+00:00,2414.9
2021-07-04 11:04:00+00:00,2412.9
2021-07-04 11:14:00+00:00,2412.9
2021-07-04 11:24:00+00:00,2412.9
2021-07-04 11:34:00+00:00,2413.9
2021-07-04 11:44:00+00:00,2414.9
2021-07-04 11:54:00+00:00,2413.9
2021-07-04 12:04:00+00:00,2413.9
2021-07-04 12:14:00+00:00,2414.9
2021-07-04 12:24:00+00:00,2413.9
2021-07-04 12:34:00+00:00,2412.9
2021-07-04 12:44:00+00:00,2412.9
2021-07-04 12:54:00+00:00,2411.9
2021-07-04 13:04:00+00:00,2411.9
2021-07-04 13:14:00+00:00,2411.9
2021-07-04 13:24:00+00:00,2409.9
2021-07-04 13:34:00+00:00,2410.9
2021-07-04 13:44:00+00:00,2409.9
2021-07-04 13:54:00+00:00,2409.9
2021-07-04 14:04:00+00:00,2408.9
2021-07-04 14:14:00+00:00,2410.9
2021-07-04 14:24:00+00:00,2409.9
2021-07-04 14:34:00+00:00,2409.9
2021-07-04 14:44:00+00:00,2409.9
2021-07-04 14:54:00+00:00,2409.9
2021-07-04 15:04:00+00:00,2409.9
2021-07-04 15:14:00+00:00,2409.9
2021-07-04 15:24:00+00:00,2408.9
2021-07-04 15:34:00+00:00,2409.9
2021-07-04 15:44:00+00:00,2408.9
2021-07-04 15:54:00+00:00,2408.9
2021-07-04 16:04:00+00:00,2408.9
2021-07-04 16:14:00+00:00,2407.9
2021-07-04 16:24:00+00:00,2406.9
2021-07-04 16:34:00+00:00,2407.9
2021-07-04 16:44:00+00:00,2408.9
2021-07-04 16:54:00+00:00,2407.9
2021-07-04 17:04:00+00:00,2408.9
2021-07-04 17:14:00+00:00,2413.9
2021-07-04 17:24:00+00:00,2413.9
2021-07-04 17:34:00+00:00,2410.9
2021-07-04 17:44:00+00:00,2412.9
2021-07-04 17:54:00+00:00,2411.9
2021-07-04 18:04:00+00:00,2411.9
2021-07-04 18:14:00+00:00,2410.9
2021-07-04 18:24:00+00:00,2412.9
2021-07-04 18:34:00+00:00,2412.9
2021-07-04 18:44:00+00:00,2413.9
2021-07-04 18:54:00+00:00,2412.9
2021-07-04 19:04:00+00:00,2414.9
2021-07-04 19:14:00+00:00,2413.9
2021-07-04 19:24:00+00:00,2414.9
2021-07-04 19:34:00+00:00,2414.9
2021-07-04 19:44:00+00:00,2414.9
2021-07-04 19:54:00+00:00,2416.9
2021-07-04 20:04:00+00:00,2414.9
2021-07-04 20:14:00+00:00,2416.9
2021-07-04 20:24:00+00:00,2414.9
2021-07-04 20:34:00+00:00,2414.9
2021-07-04 20:44:00+00:00,2416.9
2021-07-04 20:54:00+00:00,2415.9
2021-07-04 21:04:00+00:00,2416.9
2021-07-04 21:14:00+00:00,2416.9
2021-07-04 21:24:00+00:00,2416.9
2021-07-04 21:34:00+00:00,2416.9
2021-07-04 21:44:00+00:00,2416.9
2021-07-04 21:54:00+00:00,2415.9
2021-07-04 22:04:00+00:00,2417.9
2021-07-04 22:14:00+00:00,2413.9
2021-07-04 22:24:00+00:00,2417.9
2021-07-04 22:34:00+00:00,2417.9
2021-07-04 22:44:00+00:00,2416.9
2021-07-04 22:54:00+00:00,2416.9
2021-07-04 23:04:00+00:00,2421.9
2021-07-04 23:14:00+00:00,2421.9
2021-07-04 23:24:00+00:00,2421.9
2021-07-04 23:34:00+00:00,2423.9
2021-07-04 23:44:00+00:00,2419.9
2021-07-04 23:54:00+00:00,2422.9
2021-07-05 00:04:00+00:00,2421.9
2021-07-05 00:14:00+00:00,2425.9
2021-07-05 00:24:00+00:00,2425.9
2021-07-05 00:34:00+00:00,2426.9
2021-07-05 00:44:00+00:00,2428.9
2021-07-05 00:54:00+00:00,2427.9
2021-07-05 01:04:00+00:00,2426.9
2021-07-05 01:14:00+00:00,2426.9
2021-07-05 01:24:00+00:00,2430.9
2021-07-05 01:34:00+00:00,2430.9
2021-07-05 01:44:00+00:00,2431.9
2021-07-05 01:54:00+00:00,2430.9
2021-07-05 02:04:00+00:00,2431.9
2021-07-05 02:14:00+00:00,2432.9
2021-07-05 02:24:00+00:00,2434.9
2021-07-05 02:34:00+00:00,2433.9
2021-07-05 02:44:00+00:00,2436.9
2021-07-05 02:54:00+00:00,2437.9
2021-07-05 03:04:00+00:00,2437.9
2021-07-05 03:14:00+00:00,2436.9
2021-07-05 03:24:00+00:00,2437.9
2021-07-05 03:34:00+00:00,2439.9
2021-07-05 03:44:00+00:00,2438.9
2021-07-05 03:54:00+00:00,2441.9
2021-07-05 04:04:00+00:00,2441.9
2021-07-05 04:14:00+00:00,2440.9
2021-07-05 04:24:00+00:00,2439.9
2021-07-05 04:34:00+00:00,2440.9
2021-07-05 04:44:00+00:00,2441.9
2021-07-05 04:54:00+00:00,2439.9
2021-07-05 05:04:00+00:00,2440.9
2021-07-05 05:14:00+00:00,2440.9
2021-07-05 05:24:00+00:00,2441.9
2021-07-05 05:34:00+00:00,2443.9
2021-07-05 05:44:00+00:00,2443.9
2021-07-05 05:54:00+00:00,2443.9
2021-07-05 06:04:00+00:00,2442.9
2021-07-05 06:14:00+00:00,2443.9
2021-07-05 06:24:00+00:00,2445.9
2021-07-05 06:34:00+00:00,2446.9
2021-07-05 06:44:00+00:00,2445.9
2021-07-05 06:54:00+00:00,2446.9
2021-07-05 07:04:00+00:00,2447.9
2021-07-05 07:14:00+00:00,2448.9
2021-07-05 07:24:00+00:00,2446.9
2021-07-05 07:34:00+00:00,2448.9
2021-07-05 07:44:00+00:00,2448.9
2021-07-05 07:54:00+00:00,2446.9
2021-07-05 08:04:00+00:00,2447.9
2021-07-05 08:14:00+00:00,2450.9
2021-07-05 08:24:00+00:00,2450.9
2021-07-05 08:34:00+00:00,2452.9
2021-07-05 08:44:00+00:00,2450.9
2021-07-05 08:54:00+00:00,2452.9
2021-07-05 09:04:00+00:00,2453.9
2021-07-05 09:14:00+00:00,2452.9
2021-07-05 09:24:00+00:00,2453.9
2021-07-05 09:34:00+00:00,2453.9
2021-07-05 09:44:00+00:00,2453.9
2021-07-05 09:54:00+00:00,2453.9
2021-07-05 10:04:00+00:00,2454.9
2021-07-05 10:14:00+00:00,2455.9
2021-07-05 10:24:00+00:00,2454.9
2021-07-05 10:34:00+00:00,2455.9
2021-07-05 10:44:00+00:00,2456.9
2021-07-05 10:54:00+00:00,2455.9
2021-07-05 11:04:00+00:00,2456.9
2021-07-05 11:14:00+00:00,2456.9
2021-07-05 11:24:00+00:00,2456.9
2021-07-05 11:34:00+00:00,2456.9
2021-07-05 11:44:00+00:00,2456.9
2021-07-05 11:54:00+00:00,2457.9
2021-07-05 12:04:00+00:00,2456.9
2021-07-05 12:14:00+00:00,2458.9
2021-07-05 12:24:00+00:00,2457.9
2021-07-05 12:34:00+00:00,2457.9
2021-07-05 12:44:00+00:00,2459.9
2021-07-05 12:54:00+00:00,2458.9
2021-07-05 13:04:00+00:00,2460.9
2021-07-05 13:14:00+00:00,2459.9
2021-07-05 13:24:00+00:00,2461.9
2021-07-05 13:34:00+00:00,2459.9
2021-07-05 13:44:00+00:00,2459.9
2021-07-05 13:54:00+00:00,2460.9
2021-07-05 14:04:00+00:00,2460.9
2021-07-05 14:14:00+00:00,2460.9
2021-07-05 14:24:00+00:00,2460.9
2021-07-05 14:34:00+00:00,2460.9
2021-07-05 14:44:00+00:00,2461.9
2021-07-05 14:54:00+00:00,2461.9
2021-07-05 15:04:00+00:00,2460.9
2021-07-05 15:14:00+00:00,2461.9
2021-07-05 15:24:00+00:00,2461.9
2021-07-05 15:34:00+00:00,2462.9
2021-07-05 15:44:00+00:00,2462.9
2021-07-05 15:54:00+00:00,2462.9
2021-07-05 16:04:00+00:00,2463.9
2021-07-05 16:14:00+00:00,2462.9
2021-07-05 16:24:00+00:00,2462.9
2021-07-05 16:34:00+00:00,2462.9
2021-07-05 16:44:00+00:00,2462.9
2021-07-05 16:54:00+00:00,2462.9
2021-07-05 17:04:00+00:00,2461.9
2021-07-05 17:14:00+00:00,2462.9
2021-07-05 17:24:00+00:00,2462.9
2021-07-05 17:34:00+00:00,2461.9
2021-07-05 17:44:00+00:00,2462.9
2021-07-05 17:54:00+00:00,2460.9
2021-07-05 18:04:00+00:00,2462.9
2021-07-05 18:14:00+00:00,2459.9
2021-07-05 18:24:00+00:00,2460.9
2021-07-05 18:34:00+00:00,2461.9
2021-07-05 18:44:00+00:00,2460.9
2021-07-05 18:54:00+00:00,2461.9
2021-07-05 19:04:00+00:00,2460.9
2021-07-05 19:14:00+00:00,2460.9
2021-07-05 19:24:00+00:00,2460.9
2021-07-05 19:34:00+00:00,2462.9
2021-07-05 19:44:00+00:00,2458.9
2021-07-05 19:54:00+00:00,2459.9
2021-07-05 20:04:00+00:00,2459.9
2021-07-05 20:14:00+00:00,2460.9
2021-07-05 20:24:00+00:00,2460.9
2021-07-05 20:34:00+00:00,2459.9
2021-07-05 20:44:00+00:00,2460.9
2021-07-05 20:54:00+00:00,2459.9
2021-07-05 21:04:00+00:00,2457.9
2021-07-05 21:14:00+00:00,2456.9
2021-07-05 21:24:00+00:00,2460.9
2021-07-05 21:34:00+00:00,2457.9
2021-07-05 21:44:00+00:00,2459.9
2021-07-05 21:54:00+00:00,2458.9
2021-07-05 22:04:00+00:00,2460.9
2021-07-05 22:14:00+00:00,2459.9
2021-07-05 22:24:00+00:00,2459.9
2021-07-05 22:34:00+00:00,2459.9
2021-07-05 22:44:00+00:00,2459.9
2021-07-05 22:54:00+00:00,2459.9
2021-07-05 23:04:00+00:00,2459.9
2021-07-05 23:14:00+00:00,2460.9
2021-07-05 23:24:00+00:00,2462.9
2021-07-05 23:34:00+00:00,2462.9
2021-07-05 23:44:00+00:00,2461.9
2021-07-05 23:54:00+00:00,2461.9
2021-07-06 00:04:00+00:00,2464.9
2021-07-06 00:14:00+00:00,2462.9
2021-07-06 00:24:00+00:00,2464.9
2021-07-06 00:34:00+00:00,2463.9
2021-07-06 00:44:00+00:00,2463.9
2021-07-06 00:54:00+00:00,2464.9
2021-07-06 01:04:00+00:00,2465.9
2021-07-06 01:14:00+00:00,2464.9
2021-07-06 01:24:00+00:00,2464.9
2021-07-06 01:34:00+00:00,2467.9
2021-07-06 01:44:00+00:00,2467.9
2021-07-06 01:54:00+00:00,2467.9
2021-07-06 02:04:00+00:00,2466.9
2021-07-06 02:14:00+00:00,2467.9
2021-07-06 02:24:00+00:00,2468.9
2021-07-06 02:34:00+00:00,2467.9
2021-07-06 02:44:00+00:00,2467.9
2021-07-06 02:54:00+00:00,2468.9
2021-07-06 03:04:00+00:00,2469.9
2021-07-06 03:14:00+00:00,2467.9
2021-07-06 03:24:00+00:00,2468.9
2021-07-06 03:34:00+00:00,2469.9
2021-07-06 03:44:00+00:00,2469.9
2021-07-06 03:54:00+00:00,2468.9
2021-07-06 04:04:00+00:00,2469.9
2021-07-06 04:14:00+00:00,2467.9
2021-07-06 04:24:00+00:00,2469.9
2021-07-06 04:34:00+00:00,2470.9
2021-07-06 04:44:00+00:00,2470.9
2021-07-06 04:54:00+00:00,2471.9
2021-07-06 05:04:00+00:00,2471.9
2021-07-06 05:14:00+00:00,2471.9
2021-07-06 05:24:00+00:00,2471.9
2021-07-06 05:34:00+00:00,2472.9
2021-07-06 05:44:00+00:00,2472.9
2021-07-06 05:54:00+00:00,2472.9
2021-07-06 06:04:00+00:00,2472.9
2021-07-06 06:14:00+00:00,2472.9
2021-07-06 06:24:00+00:00,2474.9
2021-07-06 06:34:00+00:00,2472.9
2021-07-06 06:44:00+00:00,2472.9
2021-07-06 06:54:00+00:00,2472.9
2021-07-06 07:04:00+00:00,2472.9
2021-07-06 07:14:00+00:00,2472.9
2021-07-06 07:24:00+00:00,2473.9
2021-07-06 07:34:00+00:00,2473.9
2021-07-06 07:44:00+00:00,2473.9
2021-07-06 07:54:00+00:00,2473.9
2021-07-06 08:04:00+00:00,2473.9
2021-07-06 08:14:00+00:00,2472.9
2021-07-06 08:24:00+00:00,2474.9
2021-07-06 08:34:00+00:00,2472.9
2021-07-06 08:44:00+00:00,2476.9
2021-07-06 08:54:00+00:00,2472.9
2021-07-06 09:04:00+00:00,2473.9
2021-07-06 09:14:00+00:00,2474.9
2021-07-06 09:24:00+00:00,2474.9
2021-07-06 09:34:00+00:00,2473.9
2021-07-06 09:44:00+00:00,2474.9
2021-07-06 09:54:00+00:00,2475.9
2021-07-06 10:04:00+00:00,2474.9
2021-07-06 10:14:00+00:00,2473.9
2021-07-06 10:24:00+00:00,2473.9
2021-07-06 10:34:00+00:00,2474.9
2021-07-06 10:44:00+00:00,2474.9
2021-07-06 10:54:00+00:00,2474.9
2021-07-06 11:04:00+00:00,2474.9
2021-07-06 11:14:00+00:00,2475.9
2021-07-06 11:24:00+00:00,2476.9
2021-07-06 11:34:00+00:00,2476.9
2021-07-06 11:44:00+00:00,2477.9
2021-07-06 11:54:00+00:00,2475.9
2021-07-06 12:04:00+00:00,2475.9
2021-07-06 12:14:00+00:00,2474.9
2021-07-06 12:24:00+00:00,2476.9
2021-07-06 12:34:00+00:00,2476.9
2021-07-06 12:44:00+00:00,2475.9
2021-07-06 12:54:00+00:00,2476.9
2021-07-06 13:04:00+00:00,2473.9
2021-07-06 13:14:00+00:00,2475.9
2021-07-06 13:24:00+00:00,2475.9
2021-07-06 13:34:00+00:00,2475.9
2021-07-06 13:44:00+00:00,2475.9
2021-07-06 13:54:00+00:00,2476.9
2021-07-06 14:04:00+00:00,2475.9
2021-07-06 14:14:00+00:00,2475.9
2021-07-06 14:24:00+00:00,2476.9
2021-07-06 14:34:00+00:00,2476.9
2021-07-06 14:44:00+00:00,2476.9
2021-07-06 14:54:00+00:00,2475.9
2021-07-06 15:04:00+00:00,2476.9
2021-07-06 15:14:00+00:00,2476.9
2021-07-06 15:24:00+00:00,2476.9
2021-07-06 15:34:00+00:00,2477.9
2021-07-06 15:44:00+00:00,2476.9
2021-07-06 15:54:00+00:00,2477.9
2021-07-06 16:04:00+00:00,2477.9
2021-07-06 16:14:00+00:00,2475.9
2021-07-06 16:24:00+00:00,2476.9
2021-07-06 16:34:00+00:00,2474.9
2021-07-06 16:44:00+00:00,2474.9
2021-07-06 16:54:00+00:00,2475.9
2021-07-06 17:04:00+00:00,2473.9
2021-07-06 17:14:00+00:00,2486.9
2021-07-06 17:24:00+00:00,2490.9
2021-07-06 17:34:00+00:00,2492.9
2021-07-06 17:44:00+00:00,2494.9
2021-07-06 17:54:00+00:00,2496.9
2021-07-06 18:04:00+00:00,2496.9
2021-07-06 18:14:00+00:00,2498.9
2021-07-06 18:24:00+00:00,2498.9
2021-07-06 18:34:00+00:00,2500.9
2021-07-06 18:44:00+00:00,2499.9
2021-07-06 18:54:00+00:00,2498.9
2021-07-06 19:04:00+00:00,2498.9
2021-07-06 19:14:00+00:00,2498.9
2021-07-06 19:24:00+00:00,2497.9
2021-07-06 19:34:00+00:00,2497.9
2021-07-06 19:44:00+00:00,2495.9
2021-07-06 19:54:00+00:00,2496.9
2021-07-06 20:04:00+00:00,2494.9
2021-07-06 20:14:00+00:00,2493.9
2021-07-06 20:24:00+00:00,2492.9
2021-07-06 20:34:00+00:00,2492.9
2021-07-06 20:44:00+00:00,2491.9
2021-07-06 20:54:00+00:00,2489.9
2021-07-06 21:04:00+00:00,2488.9
2021-07-06 21:14:00+00:00,2487.9
2021-07-06 21:24:00+00:00,2486.9
2021-07-06 21:34:00+00:00,2485.9
2021-07-06 21:44:00+00:00,2486.9
2021-07-06 21:54:00+00:00,2484.9
2021-07-06 22:04:00+00:00,2485.9
2021-07-06 22:14:00+00:00,2485.9
2021-07-06 22:24:00+00:00,2483.9
2021-07-06 22:34:00+00:00,2485.9
2021-07-06 22:44:00+00:00,2485.9
2021-07-06 22:54:00+00:00,2482.9
2021-07-06 23:04:00+00:00,2482.9
2021-07-06 23:14:00+00:00,2482.9
2021-07-06 23:24:00+00:00,2483.9
2021-07-06 23:34:00+00:00,2481.9
2021-07-06 23:44:00+00:00,2481.9
2021-07-06 23:54:00+00:00,2482.9
2021-07-07 00:04:00+00:00,2480.9
2021-07-07 00:14:00+00:00,2480.9
2021-07-07 00:24:00+00:00,2480.9
2021-07-07 00:34:00+00:00,2480.9
2021-07-07 00:44:00+00:00,2479.9
2021-07-07 00:54:00+00:00,2479.9
2021-07-07 01:04:00+00:00,2479.9
2021-07-07 01:14:00+00:00,2477.9
2021-07-07 01:24:00+00:00,2477.9
2021-07-07 01:34:00+00:00,2476.9
2021-07-07 01:44:00+00:00,2477.9
2021-07-07 01:54:00+00:00,2477.9
2021-07-07 02:04:00+00:00,2476.9
2021-07-07 02:14:00+00:00,2475.9
2021-07-07 02:24:00+00:00,2476.9
2021-07-07 02:34:00+00:00,2475.9
2021-07-07 02:44:00+00:00,2472.9
2021-07-07 02:54:00+00:00,2472.9
2021-07-07 03:04:00+00:00,2472.9
2021-07-07 03:14:00+00:00,2471.9
2021-07-07 03:24:00+00:00,2472.9
2021-07-07 03:34:00+00:00,2471.9
2021-07-07 03:44:00+00:00,2470.9
2021-07-07 03:54:00+00:00,2470.9
2021-07-07 04:04:00+00:00,2470.9
2021-07-07 04:14:00+00:00,2470.9
2021-07-07 04:24:00+00:00,2469.9
2021-07-07 04:34:00+00:00,2469.9
2021-07-07 04:44:00+00:00,2469.9
2021-07-07 04:54:00+00:00,2469.9
2021-07-07 05:04:00+00:00,2469.9
2021-07-07 05:14:00+00:00,2469.9
2021-07-07 05:24:00+00:00,2469.9
2021-07-07 05:34:00+00:00,2468.9
2021-07-07 05:44:00+00:00,2467.9
2021-07-07 05:54:00+00:00,2466.9
2021-07-07 06:04:00+00:00,2464.9
2021-07-07 06:14:00+00:00,2464.9
2021-07-07 06:24:00+00:00,2464.9
2021-07-07 06:34:00+00:00,2466.9
2021-07-07 06:44:00+00:00,2463.9
2021-07-07 06:54:00+00:00,2463.9
2021-07-07 07:04:00+00:00,2462.9
2021-07-07 07:14:00+00:00,2461.9
2021-07-07 07:24:00+00:00,2462.9
2021-07-07 07:34:00+00:00,2460.9
2021-07-07 07:44:00+00:00,2461.9
2021-07-07 07:54:00+00:00,2460.9
2021-07-07 08:04:00+00:00,2459.9
2021-07-07 08:14:00+00:00,2458.9
2021-07-07 08:24:00+00:00,2458.9
2021-07-07 08:34:00+00:00,2458.9
2021-07-07 08:44:00+00:00,2458.9
2021-07-07 08:54:00+00:00,2457.9
2021-07-07 09:04:00+00:00,2457.9
2021-07-07 09:14:00+00:00,2457.9
2021-07-07 09:24:00+00:00,2456.9
2021-07-07 09:34:00+00:00,2457.9
2021-07-07 09:44:00+00:00,2458.9
2021-07-07 09:54:00+00:00,2457.9
2021-07-07 10:04:00+00:00,2456.9
2021-07-07 10:14:00+00:00,2457.9
2021-07-07 10:24:00+00:00,2456.9
2021-07-07 10:34:00+00:00,2456.9
2021-07-07 10:44:00+00:00,2455.9
2021-07-07 10:54:00+00:00,2456.9
2021-07-07 11:04:00+00:00,2455.9
2021-07-07 11:14:00+00:00,2454.9
2021-07-07 11:24:00+00:00,2454.9
2021-07-07 11:34:00+00:00,2454.9
2021-07-07 11:44:00+00:00,2453.9
2021-07-07 11:54:00+00:00,2454.9
2021-07-07 12:04:00+00:00,2452.9
2021-07-07 12:14:00+00:00,2452.9
2021-07-07 12:24:00+00:00,2453.9
2021-07-07 12:34:00+00:00,2452.9
2021-07-07 12:44:00+00:00,2452.9
2021-07-07 12:54:00+00:00,2451.9
2021-07-07 13:04:00+00:00,2451.9
2021-07-07 13:14:00+00:00,2451.9
2021-07-07 13:24:00+00:00,2449.9
2021-07-07 13:34:00+00:00,2449.9
2021-07-07 13:44:00+00:00,2448.9
2021-07-07 13:54:00+00:00,2448.9
2021-07-07 14:04:00+00:00,2448.9
2021-07-07 14:14:00+00:00,2448.9
2021-07-07 14:24:00+00:00,2446.9
2021-07-07 14:34:00+00:00,2447.9
2021-07-07 14:44:00+00:00,2446.9
2021-07-07 14:54:00+00:00,2447.9
2021-07-07 15:04:00+00:00,2446.9
2021-07-07 15:14:00+00:00,2446.9
2021-07-07 15:24:00+00:00,2444.9
2021-07-07 15:34:00+00:00,2444.9
2021-07-07 15:44:00+00:00,2444.9
2021-07-07 15:54:00+00:00,2442.9
2021-07-07 16:04:00+00:00,2444.9
2021-07-07 16:14:00+00:00,2443.9
2021-07-07 16:24:00+00:00,2444.9
2021-07-07 16:34:00+00:00,2442.9
2021-07-07 16:44:00+00:00,2442.9
2021-07-07 16:54:00+00:00,2440.9
2021-07-07 17:04:00+00:00,2442.9
2021-07-07 17:14:00+00:00,2442.9
2021-07-07 17:24:00+00:00,2441.9
2021-07-07 17:34:00+00:00,2440.9
2021-07-07 17:44:00+00:00,2437.9
2021-07-07 17:54:00+00:00,2439.9
2021-07-07 18:04:00+00:00,2439.9
2021-07-07 18:14:00+00:00,2437.9
2021-07-07 18:24:00+00:00,2437.9
2021-07-07 18:34:00+00:00,2438.9
2021-07-07 18:44:00+00:00,2436.9
2021-07-07 18:54:00+00:00,2435.9
2021-07-07 19:04:00+00:00,2433.9
2021-07-07 19:14:00+00:00,2435.9
2021-07-07 19:24:00+00:00,2436.9
2021-07-07 19:34:00+00:00,2438.9
2021-07-07 19:44:00+00:00,2440.9
2021-07-07 19:54:00+00:00,2438.9
2021-07-07 20:04:00+00:00,2439.9
2021-07-07 20:14:00+00:00,2439.9
2021-07-07 20:24:00+00:00,2438.9
2021-07-07 20:34:00+00:00,2439.9
2021-07-07 20:44:00+00:00,2438.9
2021-07-07 20:54:00+00:00,2437.9
2021-07-07 21:04:00+00:00,2441.9
2021-07-07 21:14:00+00:00,2447.9
2021-07-07 21:24:00+00:00,2449.9
2021-07-07 21:34:00+00:00,2453.9
2021-07-07 21:44:00+00:00,2450.9
2021-07-07 21:54:00+00:00,2451.9
2021-07-07 22:04:00+00:00,2451.9
2021-07-07 22:14:00+00:00,2451.9
2021-07-07 22:24:00+00:00,2452.9
2021-07-07 22:34:00+00:00,2454.9
2021-07-07 22:44:00+00:00,2454.9
2021-07-07 22:54:00+00:00,2453.9
2021-07-07 23:04:00+00:00,2452.9
2021-07-07 23:14:00+00:00,2453.9
2021-07-07 23:24:00+00:00,2453.9
2021-07-07 23:34:00+00:00,2453.9
2021-07-07 23:44:00+00:00,2452.9
2021-07-07 23:54:00+00:00,2453.9
2021-07-08 00:04:00+00:00,2452.9
2021-07-08 00:14:00+00:00,2453.9
2021-07-08 00:24:00+00:00,2452.9
2021-07-08 00:34:00+00:00,2452.9
2021-07-08 00:44:00+00:00,2453.9
2021-07-08 00:54:00+00:00,2452.9
2021-07-08 01:04:00+00:00,2449.9
2021-07-08 01:14:00+00:00,2450.9
2021-07-08 01:24:00+00:00,2448.9
2021-07-08 01:34:00+00:00,2446.9
2021-07-08 01:44:00+00:00,2448.9
2021-07-08 01:54:00+00:00,2446.9
2021-07-08 02:04:00+00:00,2447.9
2021-07-08 02:14:00+00:00,2445.9
2021-07-08 02:24:00+00:00,2448.9
2021-07-08 02:34:00+00:00,2446.9
2021-07-08 02:44:00+00:00,2447.9
2021-07-08 02:54:00+00:00,2446.9
2021-07-08 03:04:00+00:00,2446.9
2021-07-08 03:14:00+00:00,2446.9
2021-07-08 03:24:00+00:00,2444.9
2021-07-08 03:34:00+00:00,2444.9
2021-07-08 03:44:00+00:00,2444.9
2021-07-08 03:54:00+00:00,2444.9
2021-07-08 04:04:00+00:00,2444.9
2021-07-08 04:14:00+00:00,2444.9
2021-07-08 04:24:00+00:00,2444.9
2021-07-08 04:34:00+00:00,2443.9
2021-07-08 04:44:00+00:00,2445.9
2021-07-08 04:54:00+00:00,2444.9
2021-07-08 05:04:00+00:00,2443.9
2021-07-08 05:14:00+00:00,2444.9
2021-07-08 05:24:00+00:00,2443.9
2021-07-08 05:34:00+00:00,2443.9
2021-07-08 05:44:00+00:00,2442.9
2021-07-08 05:54:00+00:00,2442.9
2021-07-08 06:04:00+00:00,2443.9
2021-07-08 06:14:00+00:00,2442.9
2021-07-08 06:24:00+00:00,2442.9
2021-07-08 06:34:00+00:00,2442.9
2021-07-08 06:44:00+00:00,2441.9
2021-07-08 06:54:00+00:00,2441.9
2021-07-08 07:04:00+00:00,2441.9
2021-07-08 07:14:00+00:00,2441.9
2021-07-08 07:24:00+00:00,2440.9
2021-07-08 07:34:00+00:00,2441.9
2021-07-08 07:44:00+00:00,2439.9
2021-07-08 07:54:00+00:00,2440.9
2021-07-08 08:04:00+00:00,2440.9
2021-07-08 08:14:00+00:00,2438.9
2021-07-08 08:24:00+00:00,2438.9
2021-07-08 08:34:00+00:00,2438.9
2021-07-08 08:44:00+00:00,2437.9
2021-07-08 08:54:00+00:00,2437.9
2021-07-08 09:04:00+00:00,2439.9
2021-07-08 09:14:00+00:00,2436.9
2021-07-08 09:24:00+00:00,2436.9
2021-07-08 09:34:00+00:00,2429.9
2021-07-08 09:44:00+00:00,2442.9
2021-07-08 09:54:00+00:00,2448.9
2021-07-08 10:04:00+00:00,2452.9
2021-07-08 10:14:00+00:00,2456.9
2021-07-08 10:24:00+00:00,2457.9
2021-07-08 10:34:00+00:00,2458.9
2021-07-08 10:44:00+00:00,2458.9
2021-07-08 10:54:00+00:00,2460.9
2021-07-08 11:04:00+00:00,2460.9
2021-07-08 11:14:00+00:00,2459.9
2021-07-08 11:24:00+00:00,2460.9
2021-07-08 11:34:00+00:00,2461.9
2021-07-08 11:44:00+00:00,2460.9
2021-07-08 11:54:00+00:00,2463.9
2021-07-08 12:04:00+00:00,2461.9
2021-07-08 12:14:00+00:00,2462.9
2021-07-08 12:24:00+00:00,2463.9
2021-07-08 12:34:00+00:00,2463.9
2021-07-08 12:44:00+00:00,2463.9
2021-07-08 12:54:00+00:00,2462.9
2021-07-08 13:04:00+00:00,2461.9
2021-07-08 13:14:00+00:00,2460.9
2021-07-08 13:24:00+00:00,2462.9
2021-07-08 13:34:00+00:00,2461.9
2021-07-08 13:44:00+00:00,2459.9
2021-07-08 13:54:00+00:00,2460.9
2021-07-08 14:04:00+00:00,2459.9
2021-07-08 14:14:00+00:00,2460.9
2021-07-08 14:24:00+00:00,2459.9
2021-07-08 14:34:00+00:00,2459.9
2021-07-08 14:44:00+00:00,2458.9
2021-07-08 14:54:00+00:00,2459.9
2021-07-08 15:04:00+00:00,2458.9
2021-07-08 15:14:00+00:00,2458.9
2021-07-08 15:24:00+00:00,2458.9
2021-07-08 15:34:00+00:00,2456.9
2021-07-08 15:44:00+00:00,2457.9
2021-07-08 15:54:00+00:00,2457.9
2021-07-08 16:04:00+00:00,2455.9
2021-07-08 16:14:00+00:00,2455.9
2021-07-08 16:24:00+00:00,2456.9
2021-07-08 16:34:00+00:00,2455.9
2021-07-08 16:44:00+00:00,2456.9
2021-07-08 16:54:00+00:00,2457.9
2021-07-08 17:04:00+00:00,2455.9
2021-07-08 17:14:00+00:00,2451.9
2021-07-08 17:24:00+00:00,2449.9
2021-07-08 17:34:00+00:00,2448.9
2021-07-08 17:44:00+00:00,2449.9
2021-07-08 17:54:00+00:00,2448.9
2021-07-08 18:04:00+00:00,2446.9
2021-07-08 18:14:00+00:00,2445.9
2021-07-08 18:24:00+00:00,2444.9
2021-07-08 18:34:00+00:00,2443.9
2021-07-08 18:44:00+00:00,2441.9
2021-07-08 18:54:00+00:00,2441.9
2021-07-08 19:04:00+00:00,2444.9
2021-07-08 19:14:00+00:00,2440.9
2021-07-08 19:24:00+00:00,2441.9
2021-07-08 19:34:00+00:00,2440.9
2021-07-08 19:44:00+00:00,2441.9
2021-07-08 19:54:00+00:00,2441.9
2021-07-08 20:04:00+00:00,2440.9
2021-07-08 20:14:00+00:00,2440.9
2021-07-08 20:24:00+00:00,2439.9
2021-07-08 20:34:00+00:00,2439.9
2021-07-08 20:44:00+00:00,2440.9
2021-07-08 20:54:00+00:00,2442.9
2021-07-08 21:04:00+00:00,2439.9
2021-07-08 21:14:00+00:00,2437.9
2021-07-08 21:24:00+00:00,2437.9
2021-07-08 21:34:00+00:00,2437.9
2021-07-08 21:44:00+00:00,2438.9
2021-07-08 21:54:00+00:00,2438.9
2021-07-08 22:04:00+00:00,2437.9
2021-07-08 22:14:00+00:00,2437.9
2021-07-08 22:24:00+00:00,2437.9
2021-07-08 22:34:00+00:00,2438.9
2021-07-08 22:44:00+00:00,2439.9
2021-07-08 22:54:00+00:00,2438.9
2021-07-08 23:04:00+00:00,2438.9
2021-07-08 23:14:00+00:00,2439.9
2021-07-08 23:24:00+00:00,2438.9
2021-07-08 23:34:00+00:00,2437.9
2021-07-08 23:44:00+00:00,2438.9
2021-07-08 23:54:00+00:00,2439.9
2021-07-09 00:04:00+00:00,2438.9
2021-07-09 00:14:00+00:00,2436.9
2021-07-09 00:24:00+00:00,2437.9
2021-07-09 00:34:00+00:00,2434.9
2021-07-09 00:44:00+00:00,2433.9
2021-07-09 00:54:00+00:00,2433.9
2021-07-09 01:04:00+00:00,2434.9
2021-07-09 01:14:00+00:00,2434.9
2021-07-09 01:24:00+00:00,2435.9
2021-07-09 01:34:00+00:00,2435.9
2021-07-09 01:44:00+00:00,2434.9
2021-07-09 01:54:00+00:00,2435.9
2021-07-09 02:04:00+00:00,2434.9
2021-07-09 02:14:00+00:00,2435.9
2021-07-09 02:24:00+00:00,2435.9
2021-07-09 02:34:00+00:00,2435.9
2021-07-09 02:44:00+00:00,2435.9
2021-07-09 02:54:00+00:00,2434.9
2021-07-09 03:04:00+00:00,2435.9
2021-07-09 03:14:00+00:00,2434.9
2021-07-09 03:24:00+00:00,2435.9
2021-07-09 03:34:00+00:00,2434.9
2021-07-09 03:44:00+00:00,2436.9
2021-07-09 03:54:00+00:00,2436.9
2021-07-09 04:04:00+00:00,2434.9
2021-07-09 04:14:00+00:00,2434.9
2021-07-09 04:24:00+00:00,2434.9
2021-07-09 04:34:00+00:00,2433.9
2021-07-09 04:44:00+00:00,2433.9
2021-07-09 04:54:00+00:00,2433.9
2021-07-09 05:04:00+00:00,2433.9
2021-07-09 05:14:00+00:00,2432.9
2021-07-09 05:24:00+00:00,2432.9
2021-07-09 05:34:00+00:00,2432.9
2021-07-09 05:44:00+00:00,2432.9
2021-07-09 05:54:00+00:00,2433.9
2021-07-09 06:04:00+00:00,2432.9
2021-07-09 06:14:00+00:00,2431.9
2021-07-09 06:24:00+00:00,2430.9
2021-07-09 06:34:00+00:00,2431.9
2021-07-09 06:44:00+00:00,2433.9
2021-07-09 06:54:00+00:00,2432.9
2021-07-09 07:04:00+00:00,2431.9
2021-07-09 07:14:00+00:00,2431.9
2021-07-09 07:24:00+00:00,2430.9
2021-07-09 07:34:00+00:00,2432.9
2021-07-09 07:44:00+00:00,2432.9
2021-07-09 07:54:00+00:00,2430.9
2021-07-09 08:04:00+00:00,2432.9
2021-07-09 08:14:00+00:00,2429.9
2021-07-09 08:24:00+00:00,2429.9
2021-07-09 08:34:00+00:00,2430.9
2021-07-09 08:44:00+00:00,2431.9
2021-07-09 08:54:00+00:00,2429.9
2021-07-09 09:04:00+00:00,2430.9
2021-07-09 09:14:00+00:00,2429.9
2021-07-09 09:24:00+00:00,2428.9
2021-07-09 09:34:00+00:00,2429.9
2021-07-09 09:44:00+00:00,2432.9
2021-07-09 09:54:00+00:00,2429.9
2021-07-09 10:04:00+00:00,2427.9
2021-07-09 10:14:00+00:00,2429.9
2021-07-09 10:24:00+00:00,2427.9
2021-07-09 10:34:00+00:00,2426.9
2021-07-09 10:44:00+00:00,2428.9
2021-07-09 10:54:00+00:00,2428.9
2021-07-09 11:04:00+00:00,2426.9
2021-07-09 11:14:00+00:00,2426.9
2021-07-09 11:24:00+00:00,2427.9
2021-07-09 11:34:00+00:00,2427.9
2021-07-09 11:44:00+00:00,2428.9
2021-07-09 11:54:00+00:00,2427.9
2021-07-09 12:04:00+00:00,2426.9
2021-07-09 12:14:00+00:00,2428.9
2021-07-09 12:24:00+00:00,2428.9
2021-07-09 12:34:00+00:00,2425.9
2021-07-09 12:44:00+00:00,2426.9
2021-07-09 12:54:00+00:00,2430.9
2021-07-09 13:04:00+00:00,2426.9
2021-07-09 13:14:00+00:00,2427.9
2021-07-09 13:24:00+00:00,2426.9
2021-07-09 13:34:00+00:00,2425.9
2021-07-09 13:44:00+00:00,2427.9
2021-07-09 13:54:00+00:00,2424.9
2021-07-09 14:04:00+00:00,2426.9
2021-07-09 14:14:00+00:00,2424.9
2021-07-09 14:24:00+00:00,2425.9
2021-07-09 14:34:00+00:00,2426.9
2021-07-09 14:44:00+00:00,2421.9
2021-07-09 14:54:00+00:00,2424.9
2021-07-09 15:04:00+00:00,2426.9
2021-07-09 15:14:00+00:00,2425.9
2021-07-09 15:24:00+00:00,2423.9
2021-07-09 15:34:00+00:00,2427.9
2021-07-09 15:44:00+00:00,2424.9
2021-07-09 15:54:00+00:00,2424.9
2021-07-09 16:04:00+00:00,2423.9
2021-07-09 16:14:00+00:00,2424.9
2021-07-09 16:24:00+00:00,2423.9
2021-07-09 16:34:00+00:00,2424.9
2021-07-09 16:44:00+00:00,2422.9
2021-07-09 16:54:00+00:00,2425.9
2021-07-09 17:04:00+00:00,2425.9
2021-07-09 17:14:00+00:00,2425.9
2021-07-09 17:24:00+00:00,2424.9
2021-07-09 17:34:00+00:00,2425.9
2021-07-09 17:44:00+00:00,2424.9
2021-07-09 17:54:00+00:00,2424.9
2021-07-09 18:04:00+00:00,2425.9
2021-07-09 18:14:00+00:00,2424.9
2021-07-09 18:24:00+00:00,2424.9
2021-07-09 18:34:00+00:00,2424.9
2021-07-09 18:44:00+00:00,2424.9
2021-07-09 18:54:00+00:00,2425.9
2021-07-09 19:04:00+00:00,2424.9
2021-07-09 19:14:00+00:00,2423.9
2021-07-09 19:24:00+00:00,2421.9
2021-07-09 19:34:00+00:00,2420.9
2021-07-09 19:44:00+00:00,2422.9
2021-07-09 19:54:00+00:00,2423.9
2021-07-09 20:04:00+00:00,2421.9
2021-07-09 20:14:00+00:00,2424.9
2021-07-09 20:24:00+00:00,2423.9
2021-07-09 20:34:00+00:00,2420.9
2021-07-09 20:44:00+00:00,2422.9
2021-07-09 20:54:00+00:00,2420.9
2021-07-09 21:04:00+00:00,2419.9
2021-07-09 21:14:00+00:00,2420.9
2021-07-09 21:24:00+00:00,2419.9
2021-07-09 21:34:00+00:00,2417.9
2021-07-09 21:44:00+00:00,2418.9
2021-07-09 21:54:00+00:00,2413.9
2021-07-09 22:04:00+00:00,2412.9
2021-07-09 22:14:00+00:00,2412.9
2021-07-09 22:24:00+00:00,2416.9
2021-07-09 22:34:00+00:00,2416.9
2021-07-09 22:44:00+00:00,2412.9
2021-07-09 22:54:00+00:00,2412.9
2021-07-09 23:04:00+00:00,2411.9
2021-07-09 23:14:00+00:00,2413.9
2021-07-09 23:24:00+00:00,2414.9
2021-07-09 23:34:00+00:00,2416.9
2021-07-09 23:44:00+00:00,2414.9
2021-07-09 23:54:00+00:00,2415.9
2021-07-10 00:04:00+00:00,2415.9
2021-07-10 00:14:00+00:00,2416.9
2021-07-10 00:24:00+00:00,2416.9
2021-07-10 00:34:00+00:00,2416.9
2021-07-10 00:44:00+00:00,2416.9
2021-07-10 00:54:00+00:00,2415.9
2021-07-10 01:04:00+00:00,2416.9
2021-07-10 01:14:00+00:00,2415.9
2021-07-10 01:24:00+00:00,2416.9
2021-07-10 01:34:00+00:00,2416.9
2021-07-10 01:44:00+00:00,2413.9
2021-07-10 01:54:00+00:00,2413.9
2021-07-10 02:04:00+00:00,2416.9
2021-07-10 02:14:00+00:00,2417.9
2021-07-10 02:24:00+00:00,2414.9
2021-07-10 02:34:00+00:00,2415.9
2021-07-10 02:44:00+00:00,2416.9
2021-07-10 02:54:00+00:00,2414.9
2021-07-10 03:04:00+00:00,2415.9
2021-07-10 03:14:00+00:00,2416.9
2021-07-10 03:24:00+00:00,2414.9
2021-07-10 17:14:00+00:00,2403.9
2021-07-10 17:24:00+00:00,2403.9
2021-07-10 17:34:00+00:00,2406.9
2021-07-10 17:44:00+00:00,2405.9
2021-07-10 17:54:00+00:00,2404.9
2021-07-10 18:04:00+00:00,2401.9
2021-07-10 18:14:00+00:00,2400.9
2021-07-10 18:24:00+00:00,2399.9
2021-07-10 18:34:00+00:00,2399.9
2021-07-10 18:44:00+00:00,2400.9
2021-07-10 18:54:00+00:00,2402.9
2021-07-10 19:04:00+00:00,2400.9
2021-07-10 19:14:00+00:00,2401.9
2021-07-10 19:24:00+00:00,2400.9
2021-07-10 19:34:00+00:00,2401.9
2021-07-10 19:44:00+00:00,2401.9
2021-07-10 19:54:00+00:00,2400.9
2021-07-10 20:04:00+00:00,2400.9
2021-07-10 20:14:00+00:00,2401.9
2021-07-10 20:24:00+00:00,2399.9
2021-07-10 20:34:00+00:00,2397.9
2021-07-10 20:44:00+00:00,2400.9
2021-07-10 20:54:00+00:00,2397.9
2021-07-10 21:04:00+00:00,2399.9
2021-07-10 21:14:00+00:00,2398.9
2021-07-10 21:24:00+00:00,2398.9
2021-07-10 21:34:00+00:00,2396.9
2021-07-10 21:44:00+00:00,2400.9
2021-07-10 21:54:00+00:00,2399.9
2021-07-10 22:04:00+00:00,2397.9
2021-07-10 22:14:00+00:00,2400.9
2021-07-10 22:24:00+00:00,2397.9
2021-07-10 22:34:00+00:00,2397.9
2021-07-10 22:44:00+00:00,2401.9
2021-07-10 22:54:00+00:00,2396.9
2021-07-10 23:04:00+00:00,2399.9
2021-07-10 23:14:00+00:00,2399.9
2021-07-10 23:24:00+00:00,2401.9
2021-07-10 23:34:00+00:00,2399.9
2021-07-10 23:44:00+00:00,2400.9
2021-07-10 23:54:00+00:00,2401.9
2021-07-11 00:04:00+00:00,2400.9
2021-07-11 00:14:00+00:00,2401.9
2021-07-11 00:24:00+00:00,2401.9
2021-07-11 00:34:00+00:00,2400.9
2021-07-11 00:44:00+00:00,2399.9
2021-07-11 00:54:00+00:00,2401.9
2021-07-11 01:04:00+00:00,2400.9
2021-07-11 01:14:00+00:00,2399.9
2021-07-11 01:24:00+00:00,2397.9
2021-07-11 01:34:00+00:00,2400.9
2021-07-11 01:44:00+00:00,2399.9
2021-07-11 01:54:00+00:00,2402.9
2021-07-11 02:04:00+00:00,2402.9
2021-07-11 02:14:00+00:00,2400.9
2021-07-11 02:24:00+00:00,2402.9
2021-07-11 02:34:00+00:00,2399.9
2021-07-11 02:44:00+00:00,2401.9
2021-07-11 02:54:00+00:00,2402.9
2021-07-11 03:04:00+00:00,2399.9
2021-07-11 03:14:00+00:00,2400.9
2021-07-11 03:24:00+00:00,2401.9
2021-07-11 03:34:00+00:00,2400.9
2021-07-11 03:44:00+00:00,2399.9
2021-07-11 03:54:00+00:00,2400.9
2021-07-11 04:04:00+00:00,2401.9
2021-07-11 04:14:00+00:00,2399.9
2021-07-11 04:24:00+00:00,2399.9
2021-07-11 04:34:00+00:00,2402.9
2021-07-11 04:44:00+00:00,2400.9
2021-07-11 04:54:00+00:00,2399.9
2021-07-11 05:04:00+00:00,2401.9
2021-07-11 05:14:00+00:00,2399.9
2021-07-11 05:24:00+00:00,2399.9
2021-07-11 05:34:00+00:00,2400.9
2021-07-11 05:44:00+00:00,2398.9
2021-07-11 05:54:00+00:00,2397.9
2021-07-11 06:04:00+00:00,2399.9
2021-07-11 06:14:00+00:00,2398.9
2021-07-11 06:24:00+00:00,2397.9
2021-07-11 06:34:00+00:00,2398.9
2021-07-11 06:44:00+00:00,2399.9
2021-07-11 06:54:00+00:00,2401.9
2021-07-11 07:04:00+00:00,2398.9
2021-07-11 07:14:00+00:00,2400.9
2021-07-11 07:24:00+00:00,2399.9
2021-07-11 07:34:00+00:00,2397.9
2021-07-11 07:44:00+00:00,2398.9
2021-07-11 07:54:00+00:00,2400.9
2021-07-11 08:04:00+00:00,2398.9
2021-07-11 08:14:00+00:00,2396.9
2021-07-11 08:24:00+00:00,2396.9
2021-07-11 08:34:00+00:00,2398.9
2021-07-11 08:44:00+00:00,2396.9
2021-07-11 08:54:00+00:00,2398.9
2021-07-11 09:04:00+00:00,2396.9
2021-07-11 09:14:00+00:00,2397.9
2021-07-11 09:24:00+00:00,2397.9
2021-07-11 09:34:00+00:00,2397.9
2021-07-11 09:44:00+00:00,2396.9
2021-07-11 09:54:00+00:00,2397.9
2021-07-11 10:04:00+00:00,2396.9
2021-07-11 10:14:00+00:00,2396.9
2021-07-11 10:24:00+00:00,2398.9
2021-07-11 10:34:00+00:00,2397.9
2021-07-11 10:44:00+00:00,2397.9
2021-07-11 10:54:00+00:00,2397.9
2021-07-11 11:04:00+00:00,2395.9
2021-07-11 11:14:00+00:00,2397.9
2021-07-11 11:24:00+00:00,2396.9
2021-07-11 11:34:00+00:00,2397.9
2021-07-11 11:44:00+00:00,2397.9
2021-07-11 11:54:00+00:00,2396.9
2021-07-11 12:04:00+00:00,2397.9
2021-07-11 12:14:00+00:00,2397.9
2021-07-11 12:24:00+00:00,2398.9
2021-07-11 12:34:00+00:00,2396.9
2021-07-11 12:44:00+00:00,2397.9
2021-07-11 12:54:00+00:00,2398.9
2021-07-11 13:04:00+00:00,2399.9
2021-07-11 13:14:00+00:00,2401.9
2021-07-11 13:24:00+00:00,2398.9
2021-07-11 13:34:00+00:00,2401.9
2021-07-11 13:44:00+00:00,2402.9
2021-07-11 13:54:00+00:00,2404.9
2021-07-11 14:04:00+00:00,2402.9
2021-07-11 14:14:00+00:00,2403.9
2021-07-11 14:24:00+00:00,2402.9
2021-07-11 14:34:00+00:00,2402.9
2021-07-11 14:44:00+00:00,2403.9
2021-07-11 14:54:00+00:00,2401.9
2021-07-11 15:04:00+00:00,2403.9
2021-07-11 15:14:00+00:00,2402.9
2021-07-11 15:24:00+00:00,2402.9
2021-07-11 15:34:00+00:00,2402.9
2021-07-11 15:44:00+00:00,2403.9
2021-07-11 15:54:00+00:00,2402.9
2021-07-11 16:04:00+00:00,2404.9
2021-07-11 16:14:00+00:00,2403.9
2021-07-11 16:24:00+00:00,2403.9
2021-07-11 16:34:00+00:00,2404.9
2021-07-11 16:44:00+00:00,2405.9
2021-07-11 16:54:00+00:00,2404.9
2021-07-11 17:04:00+00:00,2402.9
2021-07-11 17:14:00+00:00,2403.9
2021-07-11 17:24:00+00:00,2405.9
2021-07-11 17:34:00+00:00,2405.9
2021-07-11 17:44:00+00:00,2405.9
2021-07-11 17:54:00+00:00,2404.9
2021-07-11 18:04:00+00:00,2404.9
2021-07-11 18:14:00+00:00,2405.9
2021-07-11 18:24:00+00:00,2406.9
2021-07-11 18:34:00+00:00,2406.9
2021-07-11 18:44:00+00:00,2405.9
2021-07-11 18:54:00+00:00,2405.9
2021-07-11 19:04:00+00:00,2404.9
2021-07-11 19:14:00+00:00,2404.9
2021-07-11 19:24:00+00:00,2404.9
2021-07-11 19:34:00+00:00,2405.9
2021-07-11 19:44:00+00:00,2405.9
2021-07-11 19:54:00+00:00,2406.9
2021-07-11 20:04:00+00:00,2406.9
2021-07-11 20:14:00+00:00,2405.9
2021-07-11 20:24:00+00:00,2406.9
2021-07-11 20:34:00+00:00,2407.9
2021-07-11 20:44:00+00:00,2405.9
2021-07-11 20:54:00+00:00,2405.9
2021-07-11 21:04:00+00:00,2404.9
2021-07-11 21:14:00+00:00,2406.9
2021-07-11 21:24:00+00:00,2406.9
2021-07-11 21:34:00+00:00,2408.9
2021-07-11 21:44:00+00:00,2405.9
2021-07-11 21:54:00+00:00,2403.9
2021-07-11 22:04:00+00:00,2404.9
2021-07-11 22:14:00+00:00,2404.9
2021-07-11 22:24:00+00:00,2405.9
2021-07-11 22:34:00+00:00,2405.9
2021-07-11 22:44:00+00:00,2406.9
2021-07-11 22:54:00+00:00,2405.9
2021-07-11 23:04:00+00:00,2405.9
2021-07-11 23:14:00+00:00,2405.9
2021-07-11 23:24:00+00:00,2403.9
2021-07-11 23:34:00+00:00,2405.9
2021-07-11 23:44:00+00:00,2405.9
2021-07-11 23:54:00+00:00,2406.9
2021-07-12 00:04:00+00:00,2404.9
2021-07-12 00:14:00+00:00,2403.9
2021-07-12 00:24:00+00:00,2403.9
2021-07-12 00:34:00+00:00,2405.9
2021-07-12 00:44:00+00:00,2404.9
2021-07-12 00:54:00+00:00,2405.9
2021-07-12 01:04:00+00:00,2404.9
2021-07-12 01:14:00+00:00,2405.9
2021-07-12 01:24:00+00:00,2404.9
2021-07-12 01:34:00+00:00,2405.9
2021-07-12 01:44:00+00:00,2404.9
2021-07-12 01:54:00+00:00,2403.9
2021-07-12 02:04:00+00:00,2405.9
2021-07-12 02:14:00+00:00,2404.9
2021-07-12 02:24:00+00:00,2403.9
2021-07-12 02:34:00+00:00,2403.9
2021-07-12 02:44:00+00:00,2403.9
2021-07-12 02:54:00+00:00,2403.9
2021-07-12 03:04:00+00:00,2403.9
2021-07-12 03:14:00+00:00,2403.9
2021-07-12 03:24:00+00:00,2402.9
2021-07-12 03:34:00+00:00,2403.9
2021-07-12 03:44:00+00:00,2404.9
2021-07-12 03:54:00+00:00,2404.9
2021-07-12 04:04:00+00:00,2403.9
2021-07-12 04:14:00+00:00,2405.9
2021-07-12 04:24:00+00:00,2402.9
2021-07-12 04:34:00+00:00,2403.9
2021-07-12 04:44:00+00:00,2404.9
2021-07-12 04:54:00+00:00,2403.9
2021-07-12 05:04:00+00:00,2401.9
2021-07-12 05:14:00+00:00,2402.9
2021-07-12 05:24:00+00:00,2401.9
2021-07-12 05:34:00+00:00,2400.9
2021-07-12 05:44:00+00:00,2400.9
2021-07-12 05:54:00+00:00,2399.9
2021-07-12 06:04:00+00:00,2400.9
2021-07-12 06:14:00+00:00,2400.9
2021-07-12 06:24:00+00:00,2399.9
2021-07-12 06:34:00+00:00,2399.9
2021-07-12 06:44:00+00:00,2399.9
2021-07-12 06:54:00+00:00,2399.9
2021-07-12 07:04:00+00:00,2399.9
2021-07-12 07:14:00+00:00,2399.9
2021-07-12 07:24:00+00:00,2399.9
2021-07-12 07:34:00+00:00,2400.9
2021-07-12 07:44:00+00:00,2399.9
2021-07-12 07:54:00+00:00,2400.9
2021-07-12 08:04:00+00:00,2401.9
2021-07-12 08:14:00+00:00,2402.9
2021-07-12 08:24:00+00:00,2401.9
2021-07-12 08:34:00+00:00,2401.9
2021-07-12 08:44:00+00:00,2399.9
2021-07-12 08:54:00+00:00,2401.9
2021-07-12 09:04:00+00:00,2401.9
2021-07-12 09:14:00+00:00,2400.9
2021-07-12 09:24:00+00:00,2400.9
2021-07-12 09:34:00+00:00,2402.9
2021-07-12 09:44:00+00:00,2401.9
2021-07-12 09:54:00+00:00,2401.9
2021-07-12 10:04:00+00:00,2400.9
2021-07-12 10:14:00+00:00,2399.9
2021-07-12 10:24:00+00:00,2399.9
2021-07-12 10:34:00+00:00,2401.9
2021-07-12 10:44:00+00:00,2399.9
2021-07-12 10:54:00+00:00,2401.9
2021-07-12 11:04:00+00:00,2400.9
2021-07-12 11:14:00+00:00,2397.9
2021-07-12 11:24:00+00:00,2400.9
2021-07-12 11:34:00+00:00,2399.9
2021-07-12 11:44:00+00:00,2400.9
2021-07-12 11:54:00+00:00,2400.9
2021-07-12 12:04:00+00:00,2399.9
2021-07-12 12:14:00+00:00,2400.9
2021-07-12 12:24:00+00:00,2400.9
2021-07-12 12:34:00+00:00,2398.9
2021-07-12 12:44:00+00:00,2404.9
2021-07-12 12:54:00+00:00,2397.9
2021-07-12 13:04:00+00:00,2398.9
2021-07-12 13:14:00+00:00,2400.9
2021-07-12 13:24:00+00:00,2398.9
2021-07-12 13:34:00+00:00,2399.9
2021-07-12 13:44:00+00:00,2397.9
2021-07-12 13:54:00+00:00,2398.9
2021-07-12 14:04:00+00:00,2396.9
2021-07-12 14:14:00+00:00,2396.9
2021-07-12 14:24:00+00:00,2397.9
2021-07-12 14:34:00+00:00,2399.9
2021-07-12 14:44:00+00:00,2399.9
2021-07-12 14:54:00+00:00,2397.9
2021-07-12 15:04:00+00:00,2395.9
2021-07-12 15:14:00+00:00,2397.9
2021-07-12 15:24:00+00:00,2399.9
2021-07-12 15:34:00+00:00,2398.9
2021-07-12 15:44:00+00:00,2399.9
2021-07-12 15:54:00+00:00,2398.9
2021-07-12 16:04:00+00:00,2399.9
2021-07-12 16:14:00+00:00,2398.9
2021-07-12 16:24:00+00:00,2400.9
2021-07-12 16:34:00+00:00,2399.9
2021-07-12 16:44:00+00:00,2401.9
2021-07-12 16:54:00+00:00,2402.9
2021-07-12 17:04:00+00:00,2398.9
2021-07-12 17:14:00+00:00,2400.9
2021-07-12 17:24:00+00:00,2399.9
2021-07-12 17:34:00+00:00,2400.9
2021-07-12 17:44:00+00:00,2399.9
2021-07-12 17:54:00+00:00,2400.9
2021-07-12 18:04:00+00:00,2401.9
2021-07-12 18:14:00+00:00,2401.9
2021-07-12 18:24:00+00:00,2401.9
2021-07-12 18:34:00+00:00,2402.9
2021-07-12 18:44:00+00:00,2404.9
2021-07-12 18:54:00+00:00,2405.9
2021-07-12 19:04:00+00:00,2408.9
2021-07-12 19:14:00+00:00,2405.9
2021-07-12 19:24:00+00:00,2405.9
2021-07-12 19:34:00+00:00,2410.9
2021-07-12 19:44:00+00:00,2412.9
2021-07-12 19:54:00+00:00,2412.9
2021-07-12 20:04:00+00:00,2413.9
2021-07-12 20:14:00+00:00,2415.9
2021-07-12 20:24:00+00:00,2416.9
2021-07-12 20:34:00+00:00,2416.9
2021-07-12 20:44:00+00:00,2417.9
2021-07-12 20:54:00+00:00,2420.9
2021-07-12 21:04:00+00:00,2418.9
2021-07-12 21:14:00+00:00,2420.9
2021-07-12 21:24:00+00:00,2424.9
2021-07-12 21:34:00+00:00,2423.9
2021-07-12 21:44:00+00:00,2427.9
2021-07-12 21:54:00+00:00,2428.9
2021-07-12 22:04:00+00:00,2428.9
2021-07-12 22:14:00+00:00,2430.9
2021-07-12 22:24:00+00:00,2430.9
2021-07-12 22:34:00+00:00,2430.9
2021-07-12 22:44:00+00:00,2432.9
2021-07-12 22:54:00+00:00,2434.9
2021-07-12 23:04:00+00:00,2436.9
2021-07-12 23:14:00+00:00,2439.9
2021-07-12 23:24:00+00:00,2440.9
2021-07-12 23:34:00+00:00,2440.9
2021-07-12 23:44:00+00:00,2442.9
2021-07-12 23:54:00+00:00,2444.9
2021-07-13 00:04:00+00:00,2443.9
2021-07-13 00:14:00+00:00,2444.9
2021-07-13 00:24:00+00:00,2446.9
2021-07-13 00:34:00+00:00,2448.9
2021-07-13 00:44:00+00:00,2449.9
2021-07-13 00:54:00+00:00,2451.9
2021-07-13 01:04:00+00:00,2453.9
2021-07-13 01:14:00+00:00,2453.9
2021-07-13 01:24:00+00:00,2455.9
2021-07-13 01:34:00+00:00,2457.9
2021-07-13 01:44:00+00:00,2456.9
2021-07-13 01:54:00+00:00,2458.9
2021-07-13 02:04:00+00:00,2460.9
2021-07-13 02:14:00+00:00,2460.9
2021-07-13 02:24:00+00:00,2461.9
2021-07-13 02:34:00+00:00,2461.9
2021-07-13 02:44:00+00:00,2463.9
2021-07-13 02:54:00+00:00,2464.9
2021-07-13 03:04:00+00:00,2465.9
2021-07-13 03:14:00+00:00,2468.9
2021-07-13 03:24:00+00:00,2469.9
2021-07-13 03:34:00+00:00,2470.9
2021-07-13 03:44:00+00:00,2471.9
2021-07-13 03:54:00+00:00,2472.9
2021-07-13 04:04:00+00:00,2473.9
2021-07-13 04:14:00+00:00,2473.9
2021-07-13 04:24:00+00:00,2474.9
2021-07-13 04:34:00+00:00,2475.9
2021-07-13 04:44:00+00:00,2475.9
2021-07-13 04:54:00+00:00,2478.9
2021-07-13 05:04:00+00:00,2478.9
2021-07-13 05:14:00+00:00,2480.9
2021-07-13 05:24:00+00:00,2481.9
2021-07-13 05:34:00+00:00,2481.9
2021-07-13 05:44:00+00:00,2484.9
2021-07-13 05:54:00+00:00,2485.9
2021-07-13 06:04:00+00:00,2485.9
2021-07-13 06:14:00+00:00,2486.9
2021-07-13 06:24:00+00:00,2487.9
2021-07-13 06:34:00+00:00,2488.9
2021-07-13 06:44:00+00:00,2489.9
2021-07-13 06:54:00+00:00,2489.9
2021-07-13 07:04:00+00:00,2489.9
2021-07-13 07:14:00+00:00,2490.9
2021-07-13 07:24:00+00:00,2492.9
2021-07-13 07:34:00+00:00,2493.9
2021-07-13 07:44:00+00:00,2493.9
2021-07-13 07:54:00+00:00,2497.9
2021-07-13 08:04:00+00:00,2497.9
2021-07-13 08:14:00+00:00,2498.9
2021-07-13 08:24:00+00:00,2499.9
2021-07-13 08:34:00+00:00,2499.9
2021-07-13 08:44:00+00:00,2500.9
2021-07-13 08:54:00+00:00,2501.9
2021-07-13 09:04:00+00:00,2501.9
2021-07-13 09:14:00+00:00,2502.9
2021-07-13 09:24:00+00:00,2502.9
2021-07-13 09:34:00+00:00,2503.9
2021-07-13 09:44:00+00:00,2504.9
2021-07-13 09:54:00+00:00,2504.9
2021-07-13 10:04:00+00:00,2507.9
2021-07-13 10:14:00+00:00,2506.9
2021-07-13 10:24:00+00:00,2508.9
2021-07-13 10:34:00+00:00,2508.9
2021-07-13 10:44:00+00:00,2510.9
2021-07-13 10:54:00+00:00,2510.9
2021-07-13 11:04:00+00:00,2512.9
2021-07-13 11:14:00+00:00,2512.9
2021-07-13 11:24:00+00:00,2512.9
2021-07-13 11:34:00+00:00,2514.9
2021-07-13 11:44:00+00:00,2514.9
2021-07-13 11:54:00+00:00,2514.9
2021-07-13 12:04:00+00:00,2515.9
2021-07-13 12:14:00+00:00,2515.9
2021-07-13 12:24:00+00:00,2516.9
2021-07-13 12:34:00+00:00,2515.9
2021-07-13 12:44:00+00:00,2517.9
2021-07-13 12:54:00+00:00,2520.9
2021-07-13 13:04:00+00:00,2520.9
2021-07-13 13:14:00+00:00,2522.9
2021-07-13 13:24:00+00:00,2522.9
2021-07-13 13:34:00+00:00,2523.9
2021-07-13 13:44:00+00:00,2524.9
2021-07-13 13:54:00+00:00,2525.9
2021-07-13 14:04:00+00:00,2524.9
2021-07-13 14:14:00+00:00,2525.9
2021-07-13 14:24:00+00:00,2526.9
2021-07-13 14:34:00+00:00,2526.9
2021-07-13 14:44:00+00:00,2526.9
2021-07-13 14:54:00+00:00,2526.9
2021-07-13 15:04:00+00:00,2527.9
2021-07-13 15:14:00+00:00,2527.9
2021-07-13 15:24:00+00:00,2527.9
2021-07-13 15:34:00+00:00,2527.9
2021-07-13 15:44:00+00:00,2528.9
2021-07-13 15:54:00+00:00,2529.9
2021-07-13 16:04:00+00:00,2531.9
2021-07-13 16:14:00+00:00,2531.9
2021-07-13 16:24:00+00:00,2532.9
2021-07-13 16:34:00+00:00,2533.9
2021-07-13 16:44:00+00:00,2531.9
2021-07-13 16:54:00+00:00,2535.9
2021-07-13 17:04:00+00:00,2534.9
2021-07-13 17:14:00+00:00,2534.9
2021-07-13 17:24:00+00:00,2535.9
2021-07-13 17:34:00+00:00,2536.9
2021-07-13 17:44:00+00:00,2536.9
2021-07-13 17:54:00+00:00,2537.9
2021-07-13 18:04:00+00:00,2537.9
2021-07-13 18:14:00+00:00,2538.9
2021-07-13 18:24:00+00:00,2538.9
2021-07-13 18:34:00+00:00,2538.9
2021-07-13 18:44:00+00:00,2540.9
2021-07-13 18:54:00+00:00,2539.9
2021-07-13 19:04:00+00:00,2541.9
2021-07-13 19:14:00+00:00,2540.9
2021-07-13 19:24:00+00:00,2539.9
2021-07-13 19:34:00+00:00,2544.9
2021-07-13 19:44:00+00:00,2542.9
2021-07-13 19:54:00+00:00,2542.9
2021-07-13 20:04:00+00:00,2542.9
2021-07-13 20:14:00+00:00,2543.9
2021-07-13 20:24:00+00:00,2543.9
2021-07-13 20:34:00+00:00,2543.9
2021-07-13 20:44:00+00:00,2550.9
2021-07-13 20:54:00+00:00,2551.9
2021-07-13 21:04:00+00:00,2552.9
2021-07-13 21:14:00+00:00,2552.9
2021-07-13 21:24:00+00:00,2552.9
2021-07-13 21:34:00+00:00,2552.9
2021-07-13 21:44:00+00:00,2554.9
2021-07-13 21:54:00+00:00,2552.9
2021-07-13 22:04:00+00:00,2554.9
2021-07-13 22:14:00+00:00,2554.9
2021-07-13 22:24:00+00:00,2555.9
2021-07-13 22:34:00+00:00,2556.9
2021-07-13 22:44:00+00:00,2557.9
2021-07-13 22:54:00+00:00,2556.9
2021-07-13 23:04:00+00:00,2559.9
2021-07-13 23:14:00+00:00,2558.9
2021-07-13 23:24:00+00:00,2559.9
2021-07-13 23:34:00+00:00,2559.9
2021-07-13 23:44:00+00:00,2560.9
2021-07-13 23:54:00+00:00,2560.9
2021-07-14 00:04:00+00:00,2561.9
2021-07-14 00:14:00+00:00,2561.9
2021-07-14 00:24:00+00:00,2561.9
2021-07-14 00:34:00+00:00,2561.9
2021-07-14 00:44:00+00:00,2562.9
2021-07-14 00:54:00+00:00,2562.9
2021-07-14 01:04:00+00:00,2561.9
2021-07-14 01:14:00+00:00,2560.9
2021-07-14 01:24:00+00:00,2561.9
2021-07-14 01:34:00+00:00,2563.9
2021-07-14 01:44:00+00:00,2562.9
2021-07-14 01:54:00+00:00,2563.9
2021-07-14 02:04:00+00:00,2562.9
2021-07-14 02:14:00+00:00,2563.9
2021-07-14 02:24:00+00:00,2563.9
2021-07-14 02:34:00+00:00,2564.9
2021-07-14 02:44:00+00:00,2565.9
2021-07-14 02:54:00+00:00,2564.9
2021-07-14 03:04:00+00:00,2564.9
2021-07-14 03:14:00+00:00,2565.9
2021-07-14 03:24:00+00:00,2564.9
2021-07-14 03:34:00+00:00,2565.9
2021-07-14 03:44:00+00:00,2565.9
2021-07-14 03:54:00+00:00,2565.9
2021-07-14 04:04:00+00:00,2565.9
2021-07-14 04:14:00+00:00,2565.9
2021-07-14 04:24:00+00:00,2565.9
2021-07-14 04:34:00+00:00,2565.9
2021-07-14 04:44:00+00:00,2565.9
2021-07-14 04:54:00+00:00,2566.9
2021-07-14 05:04:00+00:00,2566.9
2021-07-14 05:14:00+00:00,2566.9
2021-07-14 05:24:00+00:00,2566.9
2021-07-14 05:34:00+00:00,2566.9
2021-07-14 05:44:00+00:00,2566.9
2021-07-14 05:54:00+00:00,2567.9
2021-07-14 06:04:00+00:00,2568.9
2021-07-14 06:14:00+00:00,2567.9
2021-07-14 06:24:00+00:00,2567.9
2021-07-14 06:34:00+00:00,2566.9
2021-07-14 06:44:00+00:00,2567.9
2021-07-14 06:54:00+00:00,2567.9
2021-07-14 07:04:00+00:00,2566.9
2021-07-14 07:14:00+00:00,2567.9
2021-07-14 07:24:00+00:00,2567.9
2021-07-14 07:34:00+00:00,2566.9
2021-07-14 07:44:00+00:00,2566.9
2021-07-14 07:54:00+00:00,2567.9
2021-07-14 08:04:00+00:00,2567.9
2021-07-14 08:14:00+00:00,2568.9
2021-07-14 08:24:00+00:00,2567.9
2021-07-14 08:34:00+00:00,2566.9
2021-07-14 08:44:00+00:00,2567.9
2021-07-14 08:54:00+00:00,2567.9
2021-07-14 09:04:00+00:00,2567.9
2021-07-14 09:14:00+00:00,2566.9
2021-07-14 09:24:00+00:00,2567.9
2021-07-14 09:34:00+00:00,2567.9
2021-07-14 09:44:00+00:00,2567.9
2021-07-14 09:54:00+00:00,2568.9
2021-07-14 10:04:00+00:00,2567.9
2021-07-14 10:14:00+00:00,2568.9
2021-07-14 10:24:00+00:00,2569.9
2021-07-14 10:34:00+00:00,2569.9
2021-07-14 10:44:00+00:00,2569.9
2021-07-14 10:54:00+00:00,2568.9
2021-07-14 11:04:00+00:00,2569.9
2021-07-14 11:14:00+00:00,2569.9
2021-07-14 11:24:00+00:00,2568.9
2021-07-14 11:34:00+00:00,2568.9
2021-07-14 11:44:00+00:00,2569.9
2021-07-14 11:54:00+00:00,2560.9
2021-07-14 12:04:00+00:00,2559.9
2021-07-14 12:14:00+00:00,2559.9
2021-07-14 12:24:00+00:00,2557.9
2021-07-14 12:34:00+00:00,2555.9
2021-07-14 12:44:00+00:00,2555.9
2021-07-14 12:54:00+00:00,2554.9
2021-07-14 13:04:00+00:00,2553.9
2021-07-14 13:14:00+00:00,2551.9
2021-07-14 13:24:00+00:00,2550.9
2021-07-14 13:34:00+00:00,2549.9
2021-07-14 13:44:00+00:00,2548.9
2021-07-14 13:54:00+00:00,2546.9
2021-07-14 14:04:00+00:00,2545.9
2021-07-14 14:14:00+00:00,2544.9
2021-07-14 14:24:00+00:00,2540.9
2021-07-14 14:34:00+00:00,2540.9
2021-07-14 14:44:00+00:00,2540.9
2021-07-14 14:54:00+00:00,2539.9
2021-07-14 15:04:00+00:00,2538.9
2021-07-14 15:14:00+00:00,2538.9
2021-07-14 15:24:00+00:00,2536.9
2021-07-14 15:34:00+00:00,2534.9
2021-07-14 15:44:00+00:00,2534.9
2021-07-14 15:54:00+00:00,2533.9
